[4학년] 2020 공과대학 캡스톤디자인·졸업작품 경진대회 참가 신청 안내 (기한 6.15.(월) 18시까지),20.06.04,106,
[★★★ 기말시험 시간표 안내(강의실변경) ★★★],20.06.02,409,
[★★★1학기 기말 시험 실시 안내(6.08(월) ~ 6.19(금)) ★★★],20.06.02,154,
[★★★ 2020년도 1학기 LINC+ 캡스톤결과보고서 제출 안내 ★★★],20.05.28,266,
[★★★ 코로나 19관련 2020학년도 1학기 학사일정 변경안내 ★★★],20.04.20,760,
[★★★ 하기 계절 학기 운영 계획 변경 안내 ★★★],20.04.14,1030,
[★★★영어 학점 인정 신청 안내 ★★★],20.04.14,747,
[★★★ 2020학년도 1학기 수업운영 계획[재택수업] 안내(필독) ★★★],20.03.06,1249,
대학원 연계과정 (학ㆍ석사 연계과정  석ㆍ박사통합과정) 및 특례(장학금) 안내,19.04.12,1719,
[★★★ 해외 인턴십 학점인정 신청 양식 ★★★],17.12.15,2116,
[교직] 2020학년도 1학기 교육봉사 및 교육봉사활동 확인서 제출 (기한: 2020.6.11.(목)까지),20.06.03,53,
2020 하계 백마인턴십 선발 확정 학생의 이수지원서 제출 안내(기한: 6.3.(수)까지),20.05.27,331,
[교직] 2020년도 1학기 교직 적성 및 인성검사 실시를 위한 신청서 접수 안내 (5.15.(금)까지),20.05.14,205,
[★★★ 5.13(수)19시~   최신컴퓨터 특강 안내(재학생 참여 요청합니다) ★★★],20.05.13,437,
[★★★ 6.7학기 등록자 교과 이수 지도 안내 : 5.28(목) 17시까지 ★★★],20.05.11,418,
[★★★ 백마인턴십 과목의 전공 이수구분 정정완료(5.15일자) 졸업 자가진단 확인 바랍니다~ ★★★],20.05.08,555,
[★★★ 2020 하기 계절학기 수강 신청 안내 : 5.12(화)~5.14(목) 18시 까지 ★★★],20.05.07,628,
[졸업논문] 2019학년도 후기 졸업논문 제출 안내 (제출예정 신청-2020.5.15.(금)까지  졸업논문및심사결과서류-6.15.(월)까지),20.05.01,352,
[입시] 2020학년도 후기 대학원 외국인전형 입학원서 서류 접수 기간 연장 안내,20.05.01,53,
[★★★ 1학기 강의 중간평가 실시 안내 : 5.1(금)~5.7(목)까지 ★★★],20.04.28,220,
[★★★ 2020년도 1학기 영어능력 특별 인정 실시 안내 ★★★],20.04.28,373,
[3 4학년] 2020 하계 백마인턴십 운영 안내 (학생신청: 5.11.(월)~5.19.(화)),20.04.27,894,
[입시] 2020학년도 후기 대학원 입학전형 신입생 모집요강 안내,20.04.27,128,
[★★★ 코로나19 대응 비상대책위원회 회의결과에 따른 조치사항 안내(9차) ★★★],20.04.22,306,
[★★★ 2019학년도 후기 졸업대상자 예비사정 결과 확인 바랍니다.(4.28(화)까지) ★★★],20.04.21,695,
[입시] 2020학년도 후기 대학원 외국인전형 모집요강 안내,20.04.13,155,
[졸업프로젝트] SW사업_산학협력멘토링 프로그램 지원 신청 안내(신청서 4.20.(월)까지),20.04.10,1460,
[★★★ 종합설계1 수강자(00 01 02) 대상 : 1학기 캡스톤디자인 교과목 지원 안내 ★★★],20.04.03,1360,
[★★★ 1학기 재택수업 연장 안내 : 4.26(일)까지 3주 연장 됨 ★★★],20.04.03,305,
[★★★ 2020학년도 제1학기 정기휴업에 따른 보충강의 지정일 안내 ★★★],20.04.01,453,
[★★★ 2019학년도 후기 조기졸업 신청 안내 : 4.1(수)~4.7(화) 18시 ★★★],20.04.01,194,
코로나19로 인해 2020학년도 제1학기 학생휴가 관련 안내,20.03.30,355,
[미래설계상담 4.23.수정] 2020-1학기 미래설계상담 지도교수님 확인 및 상담 진행 안내 (6.12.(금) 이전 종료  최소1회),20.03.27,1380,
2020학년도 제1학기 수강취소 신청 안내 (기간: 2020.4.1.(수) 09:00~4.7.(화) 18:00 엄수),20.03.25,373,
2020학년도 하기 계절학기 개설 교과목 수요조사 안내 (전공 수강희망서 제출: 4.3.(금)까지),20.03.23,432,
2020학년도 신입생 Global English 1~4 교과목 이수단계 정정 신청 안내 (기한: 2020.3.27.(금)까지),20.03.17,413,
[학교안내 3.13.] 2020학년도 제1학기 학생을 위한 수강신청 및 수업 운영 FAQ 안내,20.03.13,899,
재택수업을 위한 강의계획서 확인 및 사이버캠퍼스(LMS) 사용 안내,20.03.13,589,
2020학년도 1학기 국가장학금 2차 신청 기간 연장 안내 (~2020.3.23.(월) 18시까지),20.03.09,439,
[졸업프로젝트] 2020.3.9.현재 컴퓨터공학과 졸업프로젝트 수행 명단 확인(기한: 2020.3.15.(일)까지),20.03.09,1037,
[졸업프로젝트] 2020.3.9.현재 컴퓨터공학과 졸업프로젝트 수행 명단 확인(기한: 2020.3.15.(일)까지),20.03.09,584,
2020학년도 제1학기 소속 및 교육과정 적용연도 변경 신청 안내 (학과신청: 2020.3.23.(월)~3.30.(월) 18시까지),20.03.09,452,
[★★★ 변경 확률및통계(00 01) 방통대 수업 운영안함)★★★,20.03.06,879,
[미래설계상담] (공지 수정) 2020-1학기 미래설계상담 수강 신청 및 주요 사항 안내 (수강신청 완료 3.18.(수)까지),20.03.04,680,
[★★★ 수정 1학기 수강 신청 변경 안내 - 전공 여석 조정(3.16.09시 부터 ) ★★★],20.03.02,1259,
[★★★ 실전코딩 추가 분반 안내 및 수업 운영 안내 ★★★ ],20.02.27,573,
[★★★ 2020학년도 1학기 학사 일정 변경에 따른 사이버 캠퍼스 보강 계획 및 출결 방법 안내 ★★★],20.02.27,950,
[★★★ 2020학년도 신입생 입학전 영어 성적 신청 접수 안내 : 3.13(금)까지 ★★★],20.02.24,469,
[졸업프로젝트][추가신청] 2020전기 졸업프로젝트 추가 신청위한 교수님 및 주제 안내 (1),20.02.14,1826,
[졸업식] 2020학년도 전기 학위수여식 안내 - 컴퓨터공학과 학부 졸업생 대상 - (40),20.02.13,1414,
[★★★ 2020학년도 1학기 학사일정 변경 사항 안내 ★★★],20.02.13,1037,
[★★★ 전공 추가 여석 조정에 대한 안내사항 확인 바랍니다 ~ ★★★],20.02.04,3677,
[졸업프로젝트][1차 매칭 완료] 2020전기 졸업프로젝트 교수별. 주제별 신청 현황 (4),20.02.04,3621,
[국가장학] 2020학년도 1학기 국가장학금 2차 신청 매뉴얼 안내,20.02.03,574,
[장학] 2020학년도 제1학기 재학생 교내장학금 신청 기간 안내(영탑·보훈·새터민·외국어성적우수),20.02.03,657,
[★★★2020.2월 졸업대상자 졸업본사정 결과 안내 : 온라인 자가 확인 바랍니다.★★★],20.02.03,1030,
[★★★ 1학기 수강 신청 일정 및 여석 조정 안내 ★★★],20.01.31,1581,
[★★★ 2.3(월)~2.7(금) 사이에 수강신청 반드시 해야 합니다 ★★★],20.01.29,880,
[★★★ 2020학년도 1학기 수강신청관련 교육과정 안내 : 복학생 필독 ★★★],20.01.29,949,
[성적경고자] 지원프로그램 안내 및 학과 방문 상담 안내,20.01.23,501,
[4학년] (1.31. 수정) 2020 전기 졸업논문을 위한 졸업프로젝트신청서 제출 안내 (제출기한 2020.1.31.(금)정오까지) (3),20.01.18,2644,
[★★★ 2019학년도 전기 졸업연기 신청 안내 ★★★],20.01.15,476,
[3 4학년] 2020-1학기 학기제 백마인턴십 운영 안내 (학생신청: 1.14.(화)~1.19.(일)),20.01.13,742,
[전과] 2020학년도 전과 시행계획 및 모집요강 안내 (신청기간: 2020.1.13.(월)~1.15.(수) 18시끼지),20.01.08,353,
[★★★ 2020년도 상반기 ICT 학점연계 해외 인턴십 신청 (1. 10(금) 17시까지 제출) ★★★],20.01.07,510,
[부.복수 전공] CNU 융복합창의전공 신청 안내(2019학년도 2차) 기간:2020.1.13.~1.17.(금) 17시 까지),20.01.07,418,
[졸업식] 2020년 2월 졸업식 관련 사전 안내 -컴퓨터공학과 학사학위 졸업자를 위한 안내-,20.01.06,883,
2020학년도 제1학기 등록금 납부 안내,20.01.03,1192,
[3학년 및 4학년 진입예정자] 컴퓨터공학과 졸업논문을 위한 졸업 프로젝트 신청 "사전 안내" (2),20.01.03,1192,
[졸업논문] 2019학년도 전기 졸업논문 합불 명단 확인 (2020년2월 졸업 대상자),19.12.31,615,
[재입학] 2020학년도 1학기 재입학 시행계획 안내 (신청서 제출: 컴퓨터공학과 1.3.(금)~1.8.(수) 18시),19.12.27,236,
학생 자료 조사 [창업  취업  공인시험 응시 현황] 응답 기간 (~12.24.(월)까지),19.12.18,663,
[★★★ 2019학년도 창업 학생 현황 파악 ★★★],19.12.18,468,
2019-2학기 휴가신청서 제출 최종기한 안내(2019.12.26.(목) 18시까지),19.12.18,389,
[★★★2020학년도 제1학기 예비 수강신청 제도 운영 안내 : 1.28(화)~1.29(수) 이틀간 ★★★],19.12.16,1005,
[★★★2019학년도 2학기 강의 기말평가 실시 안내 ★★★],19.12.13,391,
휴복학 관련 참고사항 안내,19.12.12,791,
[장학] 2019-2학기 교내 성적우수장학금(가산점 제출용) 신청서 제출 안내 (2019.12.16.(월)~2020.1.23.(목)),19.12.12,675,
[교직] 2019학년도 2학기 응급처치 및 심폐소생술 교육이수 결과 제출 안내 (기한: 2019.12.18.(수) 18시까지),19.12.12,271,
[ ★★★ 영어 특별인정 신청자 명단 확인 : 11.21(18시 기준) ★★★],19.11.21,683,
[★★★ 6.7 학기 이수자 학점 이수 상담 안내(11.21(목)~11.26(목)까지 ★★★],19.11.19,431,
2019DevDay 신청 관련 최종 안내,19.11.14,862,
[교직] 2019년도 2학기 교직 적성 및 인성검사 실시를 위한 신청서 접수 안내 (~2019.11.15.(금)까지),19.11.14,235,
SW사업단 특별 장학금의 지도교수님 날인,19.11.13,623,
[입시] 2020학년도 대학원 2차전형 신입생 모집안내,19.11.12,480,
우리학교 ADOBE 프로그램 사용 신청 조사,19.11.11,445,
[★★★ 퍼듀대학 인턴십 선발자 학점인정 신청 제출 서류 안내 : 11.11(월)~11.15(금)★★★],19.11.05,441,
[★★★ 영어특별인정신청(계절학기 글로벌영어 4단계 수강희망자)11.22(금)까지 ★★★],19.10.31,557,
[★★★ 2019학년도 제2학기 강의 중간평가 실시 안내★★★],19.10.30,251,
[등록금] 2019학년도 제2학기 등록금 미납자 3차 추가납부 안내 (2019.10.28.(월) 09:00 ~10.29.(화) 23:00),19.10.24,254,
[교육봉사] 2019학년도 2학기 교육봉사 및 교육봉사활동 확인서 제출 (기한: 2019.10.29.(화)까지),19.10.22,248,
[★★★ 2019 동기 계절학기 전공 과목 설강 안됨 ★★★],19.10.15,483,
[인턴십] 2019학년도 동기 계절제 백마인턴십 운영 안내 (학생신청: 10.22.(화)~10.31.(목)23시),19.10.02,1137,
[졸업논문] 2019학년도 전기 졸업논문 제출 안내 (제출예정 신청-11.8.(금) 까지  졸업논문및심사결과서류-12.16.(월)까지),19.10.02,1474,
[미래설계상담] 2019-2학기 미래설계상담 안내 (2019.10.1.~12.16.(월)까지),19.10.01,557,
[교직] 2020학년도 제1학기 교육실습 신청서 제출 안내 (제출기한: ~2019.10.10.(목) 18시까지),19.09.30,213,
[★★★ 2학기 수강신청 취소 안내 : 10.1(화)~10.7(월) 18시까지 ★★★],19.09.25,235,
[★★ ★졸업 예정자 2학기 영어 능력 2차 신청기간 연장 : 1.31(금) 13시까지 ★★★],19.09.24,1288,
[★★★ 2019학년도 전기(2020년 2월 졸업 예정) 조기 졸업 신청 ★★★],19.09.17,234,
[★★★ 학과 수업관련 문의 821-7456 로 문의하세요 ★★★],19.09.05,359,
[교육과정] 2019학년도 제2학기 교육과정 적용연도 변경 신청 안내 (학과신청기간: 2019.9.23.(월)~9.27.(금)18시),19.09.04,395,
[★★★ 2019 하기 계절 백마인턴십 이수구분 정정완료 ★★★],19.09.03,620,
[★★★ 창업실습I III 교과목 수업 안내 : 수요일 18시30분  인재개발원 마무빌 ★★★],19.09.02,341,
[★★★ 2학기 수강신청 확인 및 변경 ★★★],19.08.29,1143,
[★★★ 2학기 정기휴업에 따른 보충강의 지정일 안내 ★★★],19.08.26,606,
[★★★ 2018학년도 후기 졸업자 명단 안내 (졸업연기 제외) ★★★],19.08.22,465,
[2019.8.29(목)] 공대 캡스톤디자인.졸업작품전 참가팀 선발 확정 안내,19.08.07,597,
[★★★ 2018학년도 입학자 : 기초물리학실험2 이수 면제 알림 ★★★],19.08.05,315,
[성적경고자] 2019학년도 제1학기 성적경고자에 대한 안내,19.08.02,592,
[교내장학] 2019-2학기 재학생 교내장학금(영탑  보훈  새터민  외국어우수) 신청 안내(기한: ~2019.8.7.(수) 17시까지),19.08.01,957,
[졸업논문] (갱신2019.8.16.)2019-2학기(2019후기) 졸업프로젝트 계획서 제출 안내 (기한:2019.9.6.(금)18시까지),19.07.30,1035,
[★★★ 알고리즘 학년별 수강신청 당부 요청 ★★★],19.07.29,890,
[★★★ 1학년 수강 신청 안내 : 2학기 수강신청은 본인이 직접 하세요 ★★★],19.07.25,793,
[★★★ 2학기 학부 수강 신청 일정 안내 : 8.1(목) ~ 8.7(수) ★★★],19.07.24,1046,
[★★★ 2019년 8월 졸업 예정자 : 2018학년도 후기 졸업사정 결과 ★★★],19.07.23,510,
[★★★졸업연기 신청 안내 : 7.22(월) ~7.26 (금) ★★★],19.07.17,213,
[입시] 2019학년도 후기 2차 대학원 입학전형 신입생 모집안내-학석사연계과정 포함,19.07.12,302,
2019 공과대학 캡스톤디자인·졸업작품 경진대회 컴공 선정팀들에게-1차 심사용 포스터 제출 요청(기한 2019.7.31.(수)정오까지),19.07.11,396,
2019학년도 제2학기 휴학 및 복학 신청 안내 (2학기 장학선발을 위한 휴학 자제기간!!! 2019.8.5.(월)~등록금 고지서 확인시 까지),19.07.10,293,
[부.복수 전공] 2019학년도 1차 CNU 융복합창의전공 신청 안내 (신청기간 2019.7.18.(목)~7.24.(수) 18시까지),19.07.09,264,
2019학년도 2학기 등록금 납부 일정 및 안내,19.07.03,730,
[교직] 2019학년도 교직과정 이수 신청 및 예정자 선발 안내 (신청기간: 2019.7.10.(수)~7.12.(금) 18시),19.07.01,213,
[★★★ 19년 2학기 학부 시간표 안내 (7.31일자 수정) ★★★],19.06.28,1389,
[★★★ 8월 졸업예정자만 해당 : 영어 학점 인정 2차 신청 안내 ★★★],19.06.28,290,
[교직] 2019학년도 1학기 응급처치 및 심폐소생술 교육이수 결과 제출 안내 (기한: 2019.6.28.(금)18시까지),19.06.18,131,
[장학] 2019-2학기 교내 성적우수장학금(가산점 제출용) 신청서 (2019.6.17.(월)~2019.7.25.(목) 18시  마감 엄수),19.06.13,618,
[등록금환불] 2019학년도 1학기 장학생 추가선발에 따른 등록금 환불(2차) 안내,19.06.13,310,
[★★★ 2학기 신규 전공 인정과목 스마트팜운영실무 수강신청 수요 조사(6.19(수)까지) ★★★],19.06.12,250,
[졸업논문] 2019-1학기 졸업프로젝트에 대한 산학협력 멘토링 결과보고서 제출 안내 (기한 2019.6.17.(월)까지),19.06.10,325,
[★★★ 1학기 기말 강의 평가 안내 : 6.12(수) ~ 7.3(수) 18시 까지 ★★★],19.06.10,152,
[2019.6.25.(화]까지] 2019-1학기 학생 병가/공결/특별휴가 신청서 제출 기한 안내,19.06.10,139,
[4학년] 2019 공과대학 캡스톤디자인·졸업작품 경진대회 참가 신청 안내 (기한 6.14.(금) 18시까지),19.06.05,324,
[★★★ 1학기 보충 강의 수업 안내 : 6.10(월)  6.11(화) ★★★],19.06.04,154,
[★★★ 하기 계절학기 수강료 추가 납부 안내 ★★★],19.06.04,134,
[★★★2019 하계 수학.물리 프로그램 운영 안내(선착순) ★★★],19.05.29,88,
[교직이수신청 희망학생] (교직과정 이수예정자 선발) 교직 적성 및 인성검사 실시를 위한 신청서 접수 안내 (접수기간:2019.5.31.~6.3.(월)까지),19.05.23,155,
[★★★ 2~4학년 SW사업단 만족도 조사 안내 : 5.31(금)까지 ★★★],19.05.22,127,
★★★ 6  7  8 학기 이상 등록자 교과 이수 안내 및 확인 : 졸업학점 상담(5.22(수)~5.29(수)까지)★★★],19.05.21,222,
[★★★2019학년도 1학기 시험 실시 안내 ★★★],19.05.20,230,
[교직] 2019학년도 1학기 교직 적성 및 인성검사 실시를 위한 신청서 접수 안내 (기한: 2019.5.9.(목)18시까지),19.05.08,164,
[★★★ 19년 1학기 영어 특별 인정 신청 안내 : 졸업예정자만 해당(5.29 까지) ★★★],19.04.29,257,
[★★★ 2019 하기 계절학기 수강신청 안내 : 5.14(화)~ 5.16(목) ★★★],19.04.29,501,
[진로컨설팅] 4.22.(월) 18:30~19:30 진행했던 진로특강 연계  컨설팅 신청 안내 (2019.4.26.(금) 18시까지),19.04.24,186,
[★★★ 1학기 강의 중간 평가 실시 안내 : 4.29(월)~5.3(금) 까지 ★★★],19.04.22,168,
[대학원] 2019학년도 후기 대학원 입학전형 신입생 모집안내( 학석사 연계  석박 통합과정 포함),19.04.19,185,
[오픈랩 공결 확인 안내] 참석자에 한하며  해당 교과목만 인정,19.04.19,120,
[★★★ 정재승 교수 특강 안내 : 5.2(목) 16시~17시 30분 ★★★],19.04.18,207,
[★★★ 4학년 최신컴퓨터특강1 중간고사 시행 안내 : 4.24(수) 20시20분~ ★★★],19.04.16,182,
[3-4학년 재학생 및 휴학생] 2019 하계 백마인턴십 주요 일정 안내 (학생신청: 2019.4.29.(월)~5.7.(화)),19.04.15,823,
★★★ 졸업예비사정 결과 온라인 확인 안내 4.24(수)~4.25(목)까지 ★★★],19.04.15,220,
[졸업논문] 2019-1학기 졸업프로젝트에 대한 산학협력 멘토링 계획서 제출 안내 (기한: 2019.4.19.(금)까지),19.04.10,493,
[졸업논문][4학년] 2018학년도 후기 졸업논문 제출 안내 (제출예정자 확인-4.12.(금) 13시까지  졸업논문및심사결과서류-6.07.(금)까지),19.04.10,314,
[졸업논문] 2019학년도 1학기 현재 진행 중인 졸업프로젝트 주제 목록 확인 요청,19.04.10,433,
[2019.1학기] 캡스톤 재료비 최종 리스트 확인,19.04.10,269,
[3 4 학년] 컴퓨터공학과 대학원 오픈랩 행사 ( 4월 12일(금) 오후 1시 ) 안내,19.04.08,215,
[★★★ 신입생 온라인 설문 조사 추가 실시 안내 : 4.12(금)까지 ★★★],19.04.04,105,
[★★★ 1학기 영어 학점 인정 신청 안내 : 6.3(월)~6.26(수)17시까지 ★★★],19.03.28,284,
[★★★ 1학년 : 설문 조사 안내 희망자에 한함 (3.25(월)~4.12(금) ★★★],19.03.27,137,
[★★★ 2018학년도 후기 조기 졸업 신청 안내 : 4.1(월)9시~ 4.5(금) 18시까지 ★★★],19.03.27,127,
[★★★ 1학기 수강 취소 신청 안내 : 4.1(월) ~ 4.5(금) 18시까지 ★★★],19.03.26,116,
[교직] 2019학년도 1학기 교육봉사 안내 및 확인서 제출 안내 (제출기한: 2019.3.27.(수)까지),19.03.21,157,
[미래설계상담] "기한 수정" 2019-1학기 미래설계상담 안내 (2019.4.1.~6.17.까지),19.03.19,511,
[★★★ 2019 하기 계절학기 운영 안내 : 수요조사(3.20(수)~4.4(목))까지 ★★★],19.03.19,316,
[교육과정] 2019학년도 제1학기 교육과정 적용연도 변경 안내 (신청기한: 2019.3.18.(월)~3.28(목) 18시까지 기간 엄수),19.03.13,230,
[★★★ 학생 휴가 규정 안내 ★★★],19.03.13,418,
[입시] 2019학년도 후기 대학원 입학전형 - 학석사 연계과정 수요조사 안내-03월 13일까지,19.03.13,164,
[★★★ 캡스톤디자인 교과목 지원 설명회 안내 : 3.19(화) 19시~★★★],19.03.12,225,
[★★★ 백마인턴십 및 전공과목 이수구분 정정 완료(교육과정 적용연도 반영)★★★],19.03.11,287,
[★★★ 수강신청 여석 조정 : 3월 8일(금) 오전 10시까지 ★★★,19.03.07,210,
[SW중심대학] 학부생 튜터 선발 안내 (CK-국방ICT는 사업 종료로 튜터 선발하지 않음 ),19.03.07,343,
[★★★ 1학년 수학1(13반) 강의실 변경 안내 ★★★],19.03.07,144,
7459[링크사업단] 종합설계 수강자 -서류 중 물품구매사유서에 따른 재료비 청구할 견적서 받는 방법,19.03.04,1359,
[★★★ 2019학년도 1학기 진로설계2 교과목 수강신청 안내 ★★★],19.02.27,335,
[★★★종합설계1 수강자 대상 : LINC+ 캡스톤디자인 의무 신청 안내 ★★★],19.02.27,664,
[★★★ 4학년(7학기 이상) 졸업 예비사정 안내 : 2.27(수) ~ 3.7(목) ★★★],19.02.26,357,
[★★★ 수강 신청 정원 조정(3/4(월) 09시~) 안내 ★★★],19.02.26,713,
[★★★1학년(신입생) 영어 능력 진단평가 결과 확인 안내 ★★★],19.02.25,194,
[★★★ 실전코딩(3월4일(월) 12시 수업 안내 ★★★],19.02.22,344,
[★★★ 2019학년도 1학기 보충 강의 일정 안내 ★★★],19.02.21,295,
[장학] 2019학년도 1학기 "교내장학생" 선발계획 안내 (학과 신청서제출: 2.13.(수) 18:00까지),19.02.12,640,
[졸업논문] (2019.2.8.(금) 현재) 2019 졸업프로젝트 선발 확정 팀 명단 확인 (2019.2.15.(금) 18시까지),19.02.11,849,
[졸업논문] 추가기간-2019 전기 졸업논문을 위한 졸업프로젝트 신청서 제출 안내 2.15.(금) 18시까지),19.02.11,601,
[★★★ 1~ 4학년 전공 여석 조정 안내 ★★★],19.02.07,1797,
[수강신청] 담당조교 전화번호042-821-7456    종합설계1  미래설계상담 수강신청 안내,19.02.07,693,
!!!!! 휴학 신청 자제 기간 안내 2019.2.7.(목)~2.20.(수)까지 !!!!!,19.02.01,305,
[인재개발원] 2019학년도 1학기 창업현장실습  창업휴학 신청 안내,19.02.01,186,
[장학] 국방ICT사업단 지도교수 추천 장학금 신청 안내 (제출기한: 2018.2.8.(금)까지),19.02.01,332,
[3 4학년] 2019-1학기 학기제 백마인턴십 기업"글로브" 신청 안내 (내일 1.31.(목)까지),19.01.30,259,
[★★★ 2018학년도 전기 졸업예정자 영어능력인정 제출 추가 일정 안내 : 2.15(금) 11시 50분 접수분까지 ★★★],19.01.28,226,
[★★★ 19년 1학기 개설 과목 중 교육과정 변경 사항 안내 ★★★],19.01.24,794,
[★★★ 19년 2월 졸업예정자 졸업 본사정 학과 판정 결과 안내 - 확인 2/1(금) 17시까지 ★★★],19.01.24,467,
[3 4학년] 2019학년도 1학기 학기제 백마인턴십 운영 안내 (학생신청: 1. 23.(수) ~ 2019. 1. 31.(목)),19.01.22,359,
[졸업논문] (update 1.28.(월) 18:00) 2019 전기 졸업논문을 위한 졸업프로젝트 신청서 제출 안내 (1차 기한 종료. 2차 기한: 2.20.(수)까지)),19.01.22,1689,
[★★★ 2019_1학기 수강신청 기본 계획 안내 ★★★],19.01.22,980,
[★★★ 2019년 2월 졸업예정자 : 졸업연기 신청 안내(1.21~1.25(금) 17시까지)★★★],19.01.17,274,
[4학년 진입예정자 및 4학년] 졸업프로젝트 제안 목록은 내일 1.22.(화)로 하루 연기 합니다..양해바랍니다.,19.01.15,777,
[★★★ 2019년 2월 졸업 예정자 : 영어능력인정신청 제출 안내(최종) ★★★],19.01.14,294,
[★★★ 2학기 성적 발표 안내(영어 학점인정 포함 ★★★],19.01.10,400,
[★★★ 글로벌영어 이수 면제 관련 지침 개정 알림 ★★★],19.01.04,536,
2019학년도 제1학기 등록금 납부 안내,19.01.04,641,
[부.복수 전공] 2018학년도 2차 CNU 융복합창의전공 신청 안내 (신청기간: 2019.1.14.(월)~1.18.(금) 18:00까지),19.01.04,208,
2018-2학기 학생휴가 신청 기한 안내 (2018.12.28.(금) 17시까지 시간 엄수),18.12.21,346,
[장학] 2019-1학기 교내 성적우수장학금/국방ICT사업단 장학신청 안내 (제출기간: 2018.12.17.(월)~2019.1.03.18시/1.25.(금)/2.1.(금) 18시 엄수),18.12.15,714,
[전과] 2019학년도 전과 시행계획 및 모집요강 안내 (신청기간: 2019.1.14.(월)~1.16.(수) 18시끼지),18.12.15,251,
[SW중심대학사업]특별장학금 지급 안내(12/7),18.12.12,474,
[★★★2학기 성적 평가 안내 ★★★],18.12.04,459,
[★★★ 2학기 보충 강의 수업 안내 ★★★],18.12.03,215,
2019학년도 전기 대학원 외국인전형 추가모집 사전 안내,18.11.30,100,
[2018동계 백마인턴십 신청 학생 대상] 기업 신청 안내 "(주) 팀엘리시움" (2018.11.24.(토) 정오까지),18.11.23,300,
[★★★ 6 7 학기 등록자 졸업예비사정 실시 안내 : 12.5(수)까지 ★★★],18.11.23,212,
[2018동계 백마인턴십 신청 학생 대상] 기업 신청 안내,18.11.21,343,
[★★★학부 졸업요건 공지 : 2018.3.1일자 개정(18학년도 입학자 및 18학년도 교육과정적용 해당)★★★],18.11.21,542,
[★★★2018학년도 2학기 시험 시행 안내 ★★★],18.11.21,274,
[장학]SW중심대학사업 특별 장학생 선발 현황,18.11.16,764,
[대학원입시] 2019학년도 대학원 2차전형 신입생 모집안내 (~12.11.(화) 18:00 까지),18.11.14,158,
[★★★동기 계절학기 : SCSC전공과목(컴구조 DB) 수강 불가 안내 ★★★],18.11.13,317,
[중요-장학 추가 선발]2018학년도 제2학기 SW중심대학사업 특별 장학생 선발 계획 공고,18.11.12,613,
[교직] 2018학년도 2학기 교직 적성 및 인성검사 실시를 위한 신청서 접수 안내 (기한: 2018.11.12.(월) 18시),18.11.06,178,
[백마인턴십 사전신청자 대상] 백마인턴십 신청 안내 (기업 선매칭 작업 기간: 2018.11.6.~11.15. 예정),18.11.05,457,
[중요-장학]2018학년도 제2학기 SW중심대학사업 특별 장학생 선발 계획 공고,18.11.02,1420,
[★★★2학기 강의 중간평가 실시 안내 : 11.5(월)~11.16(금)까지★★★],18.10.30,203,
[★★★ 19년 2월 졸업 예정자 영어 특별 인정 신청 기간 안내 : 11.23(금)11시까지 신청 ★★★],18.10.30,301,
[3-4학년 재학생 및 휴학생] "변경 안내" 2018 동계 백마인턴십 주요 일정 안내,18.10.25,637,
★★★[2019년 2월 졸업대상자 명단 확인 및 졸업 예비사정 실시 안내 : 10.22(월)~10.25(목)까지]★★★,18.10.18,509,
[★★★2학기 영어 학점 인정 신청 안내 : 학과 제출 기간 안내 ★★★],18.10.08,570,
[★★★ CNU대학생활 조사 참여 안내 ★★★],18.10.05,197,
[4학년] 2018학년도 전기 졸업논문 제출 안내 (제출예정자 확인-10.14.(금)까지  졸업논문및심사결과서류-12.07.(금)까지),18.10.04,849,
[입시] 2019학년도 대학원 1차전형 신입생 모집안내,18.10.04,228,
[교직] 2019학년도 제1학기 교육실습 신청서 제출 안내 (제출기한: 10.10(수)까지),18.10.02,144,
[★★★2학기 수강취소 신청 안내 : 10.8(월)~10.15(월)18시까지 ★★★],18.10.02,162,
[미래설계상담] 2018-2학기 미래설계상담 안내 (2018.10.2.부터 상담 신청 시작),18.09.28,455,
[★★★ 2018학년도 동기 계절학기 웹 및 모바일 수요조사 안내 ★★★],18.09.20,456,
[입학] 2019학년도 전기 대학원 외국인전형 모집요강 및 시행계확 안내,18.09.18,95,
[★★★ 조기 졸업 신청 안내 : 신청 10.1(월)9시~10.5(금)18시까지 ★★★],18.09.17,132,
[★★★19년 2월 졸업예정자 중 교양 42학점 초과이수자 확인 안내 : 9.14(금)~17(월)까지 확인 가능함(기일 엄수) ★★★],18.09.14,280,
[★★★ LINC+ 캡스톤 교과목 전선/전심 인정 과목 안내 ★★★],18.09.04,293,
[★★★ 영어 학점 인정 신청 안내 : 3차(9.14일까지),18.09.03,394,
[★★★ 졸업연기 취소 신청 기간 : 9.3~9.14 ★★★],18.09.03,141,
[★★★ 전공 과목 여석 조정 안내 : 9.4(화) 9시에 일괄 조정 ★★★],18.09.03,554,
[★★★7학기 이상 졸업 예비사정 실시 안내 : 9.3(월)~9.10(월) ★★★],18.08.31,239,
[★★★진로설계2 추가 수강 안내 : 4학년 학생 해당됨 ★★★],18.08.31,251,
[★★★ 2학기 보충 강의 지정일 안내 ★★★],18.08.31,341,
[★★★2학기 수강신청 확인 및 변경 안내(9.3(월)09시~9.10(월)18시),18.08.31,442,
[장학금과 수강신청] 2018-2학기 수강신청 시  장학금을 위해 반드시 고려해야 할 사항,18.08.29,407,
[실습휴강] 2학년 시스템프로그래밍 전분반,18.08.28,352,
[교육과정] 2018학년도 제2학기 교육과정 적용연도 변경 안내 (신청기한: 2018.9.10.(월)~9.21(금) 17시까지 기간 엄수),18.08.28,217,
[★★★ 2학기 전공 폐강 과목 및 담당교수 변경 안내 ★★★],18.08.27,348,
[졸업논문] 2018-2학기 졸업프로젝트 계획서 제출 안내 (제출기한: 2018.9.7.(금) 18시까지),18.08.21,408,
[졸업프로젝트] 기한 앞당김!! 2018 공대 캡스톤 디자인/졸업작품 경진대회 참가팀 확정 및 포스터 제출 안내 (제출기한: 2018.9.5(수) 16시),18.08.14,421,
[★★★ 2017학년도 후기 졸업자 명단 확정 안내(학위수여식 : 8.24) ★★★],18.08.09,374,
[★★★ 2학기 LINC+ 캡스톤디자인 지원 계획 안내 : 학과신청 취합기간 : 9.20(목)까지 ★★★],18.08.08,227,
[★★★ 자료구조설계 분반 내역 확인 ★★★],18.08.07,473,
[4학년 진입학생부터 필수 확인] 컴퓨터공학과 수료생+재학생+휴학생 중  졸업프로젝트 수행 대상자 확인 요청 (기한: 2018.8.9.(목)까지),18.08.06,479,
!!!!! 휴학 신청 자제 기간 안내 2018.8.7.(화)~8.23.(목)까지 !!!!!,18.08.02,298,
[장학] 2018학년도 2학기 교내장학생 선발계획 안내 (신청서 제출: 8.8.(수) 17시까지),18.08.02,390,
[★★★ 수강정원 여석 조정 안내 :9.3(월) 08시30분~★★★],18.08.02,1102,
[등록] 2018학년도 2학기 등록금 납부 안내 (납부기간: 재학생 2018.8.29.~8.31. 졸업연기자/복학생/연한초과자 9.4.~9.6.),18.07.31,391,
[성적경고] 성적경고자 지원 프로그램 안내 (2018.9.7.(금)까지 학과사무실 방문,18.07.30,257,
[★★★ 2힉기 창업실습 I III 수업운영 안내 ★★★],18.07.27,315,
[국방ICT]KEDI(한국교육개발원) 2018 온라인 설문조사 시스템 사용 기간 연장안내(8/14)까지,18.07.25,130,
[★★★ 2018년 8월 졸업 예정자 졸업 본사정결과 확인 안내 ★★★],18.07.23,332,
[★★★1학년 교양 및 전공시간표 안내[필독] ★★★],18.07.23,543,
[★★★2학기 컴퓨터공학과 전공시간표 수정 안내 ★★★],18.07.23,785,
[★★★2학기 수강신청 안내(8.1~8.7) ★★★],18.07.23,789,
[부.복수 전공] 2018학년도 1차 CNU 융복합창의전공 신청 안내 (신청기간: 2018.7.18.(수)~7.24.(화)18:00까지),18.07.13,201,
[★★★ 2017학년도 후기 졸업연기 신청 안내 ★★★],18.07.13,158,
[3 4학년] 2018학년도 2학기 학기제 백마인턴십 안내 (학생신청: 2018.7.23.(월)~8.5.(일)까지),18.07.11,295,
[★★★ 한국연구재단 캡스톤디자인 경진대회 모집 및 지원 안내 ★★★],18.07.05,201,
[교직] 2018학년도 교직과정 이수 신청 및 예정자 선발 안내 (신청기간: 2018.7.10.(화)~7.12.(목) 18시),18.07.03,199,
백마인턴십 사전 신청서 작성을 위한 참고 Q&A,18.07.03,265,
2018학년도 후기 2차 대학원 입학전형 신입생 모집안내,18.07.02,152,
[3 4학년] 2018 동계 백마인턴십 이수 희망 학생들에 대한 백마인턴십 "사전" 신청서 제출 안내 (기한: 2018.7.2.~7.20.),18.06.28,316,
[★★★ 7학기 이수자 지도 결과 재확인 안내 ★★★],18.06.21,336,
[교직] 2018학년도 1학기 응급처치 및 심폐소생술 교육이수 결과 제출 안내 (기한: 2018.6.29.(금)18시까지),18.06.15,150,
[★★★ 1학기 우수 TA선발을 위한 설문 조사 안내 (설문조사 기한: ~2018.6.20.(수)까지) ★★★],18.06.14,187,
[★★★1학기 성적 평가 실시 안내 ★★★],18.06.12,309,
★★★2018학년도 하기 계절학기 수강 취소 일정 안내 ★★★],18.06.12,210,
★★★1학기 기말 강의 평가 안내 (7.1(일)23시 까지) ★★★],18.06.12,136,
[장학] 2018-2학기 교내 성적우수장학금/국방ICT/SW사업단 장학신청 안내 (제출기간: 2018.6.15.(금)~7.16.(월) 18시 엄수),18.06.08,583,
[1학년 : 컴퓨터과학적사고(00  01 04) 시험 안내(6/14(목)13시~],18.06.08,136,
[★★★ 학부 수업관련 업무 전화 번호 추가 안내 : 821-7456 ★★★],18.06.07,221,
[★★★ 1학기 보충 강의 수업 시간 안내 ★★★],18.06.04,221,
[★★★8월 졸업 예정자 : 계절학기 추가 수강신청 안내(6.4(월)10시까지학과로 신청 마감)★★★,18.05.31,223,
[★★★5월 25일(금) 개교기념일-학교 휴무입니다 ★★★],18.05.24,175,
[오픈랩 공결 확인 안내] 참석자에 한하며  해당 교과목만 인정 (5월21일오후4시까지),18.05.17,184,
[3 4학년] 오픈랩 행사 당일 오전 10시까지 행사장에 도착한 학생에게만 경품응모권을 받을 수 있는 오픈랩 확인증을 제공합니다.,18.05.17,133,
[★★★ 2018학년도 하기 계절학기 추가 수강료 납부 안내(최종) : 6.5(화)~6.7(목)16시까지],18.05.17,261,
[★★★졸업이수학점 상담 안내:교육과정변경자 진로설계 이수 내역 반드시 확인 (6~7학기 필수) ★★★],18.05.16,374,
[★★★ 졸업예비사정 결과 최종 확인 안내 : 글로벌영어4단계 수강자 필독 ★★★],18.05.11,322,
[3 4 학년] 컴퓨터공학과 대학원 오픈랩 행사 ( 5월 18일(금) 오전 10시 ) 안내,18.05.10,250,
[★★★ 1학기 영어 특별 인정 신청 안내 : 5.15(화)까지 ★★★],18.05.09,273,
[3-4학년] 2018학년도 하기 계절제 백마인턴십 안내 (학생신청 ~2018.5.7.(일)까지),18.05.02,394,
[★★★ 2018학년도 제1학기 강의 중간평가 실시 안내 ★★★],18.04.30,161,
[★★★ 2018학년도 하기 계절학기 수강신청 안내 ★★★],18.04.26,570,
캡스톤 재료비 품절된 품목 확인,18.04.20,192,
[4학년] 2018 공과대학 캡스톤디자인.졸업작품 경진대회 - "컴퓨터공학과" 참여 팀 명단 안내,18.04.20,284,
2018년도 1학기 링크사업단 재료비 신청자 최종 명단,18.04.19,183,
[입시] 2018학년도 후기 대학원 입학전형 신입생 모집 안내,18.04.19,142,
[4학년 2018.8.졸업예정자] 졸업논문 기 합격자 및 제출 대상자 확인 (2018.4.18.(수)까지),18.04.17,252,
[★★★ 2018학년도 1학기 영어 학점인정 신청 변경 사항 확인 안내 ★★★],18.04.13,510,
[★★★ 2018년 8월 졸업 대상자 명단 확인 요청 : 4.16(월)까지.. 누락된 학생은 댓글 달아 주세요. ★★★],18.04.12,205,
[4학년] 2018-1학기 현재 졸업프로젝트 진행 학생 대상-공대 캡스톤디자인 졸업작품전 신청서 제출 안내(~2018.4.13.(금)까지),18.04.09,325,
[졸업논문] 2017학년도 후기 (2018년8월) 졸업논문 시행 계획 (1)-대상자 및 논문제목 확인(4.18.(수)까지),18.04.09,273,
[캡스톤디자인] 재료비 구입 기부채납 동의서 제출안내,18.04.09,211,
[★★★ 수강취소자 명단 안내 : 4.6(금) 11시 기준 ★★★],18.04.06,335,
[졸업논문] 2018-1학기 현재 졸업프로젝트 진행 목록(2018.4.3.현재),18.04.03,413,
[★★★ 2013학번 입학자 : 인증종료에 따른 이수 학점기준 변경 관련 ★★★],18.03.27,334,
[★★★ 수강 취소 신청 안내 : 4.2~4.6(금)18시 ★★★],18.03.27,183,
[★★★ 공학인증종료 : 인증졸업요건 게시물 삭제 ★★★],18.03.22,412,
[★★★ 4학년 졸업 예정자명단확인요망:학과 사무실 방문 바랍니다~~ ★★★],18.03.22,299,
[★★★ 조기졸업신청 안내 : 4.2~4.6(금)18시까지 ★★★],18.03.21,140,
2018년도 캡스톤 재료비 최종 견적서류 입니다.(한글 파일 부가세란은 채우지 않아도 됩니다.),18.03.16,297,
2018년도 1학기 캡스톤 재료비 견적 금액 1차 안내 (최종파일 아닙니다),18.03.15,287,
[프로젝트 참여학생 모집] SW중심대학사업단 산학협력 프로젝트 참여학생 모집 (즉시),18.03.12,425,
[★★★ 캡스톤디자인 설명회 안내 ★★★],18.03.08,326,
[★★★ 논리회로및실험   이산수학 미수강자 : 계절학기 개설 안내 ★★★],18.03.07,336,
[★★★ 졸업연기 취소 안내 : 3.15까지 ★★★],18.03.07,131,
[★★★ 2학년 논리회로및실험(3개 분반) 여석 조정 안내 : 3.7(오전9시) ★★★],18.03.05,255,
캡스톤 디자인 재료비 신청안내(3월 13일(화)까지 엑셀목록 제출),18.03.05,629,
[교육과정] 기한변경!!!! 2018학년도 제1학기 교육과정 적용연도 변경 안내 (신청기한: 2018.3.12.(월)~3.28(수) 17시까지 엄수),18.03.03,348,
[★★★ 데이터통신 여석 조정 안내 : 3월5일(월) 9시 각반 추가 5명씩 증원 할 예정임 ★★★],18.03.02,308,
[★★★ 4학년 : 졸업예비사정 실시 안내(3.2~3.7)까지 ★★★],18.02.28,271,
[★★★ 4학년 : 종합설계1 수강신청 안내 ★★★],18.02.26,405,
[★★★ 2018학년도 1학기 수강신청 확인 및 변경기간 안내 ★★★],18.02.23,482,
[★★★ 추가 분반 수강내역 확인 요청(수강신청 순으로) 및 정원조정계획 안내 ★★★],18.02.21,615,
[★★★ 4학년 : 1학기 캡스톤디자인 지원계획 안내(종합설계1 수강자에 한함: 신청서제출 3.28일까지) ★★★],18.02.07,563,
[장학] 2018학년도 1학기 교내장학생 선발계획 안내 (학과 신청서제출: 2.6.(화)정오까지),18.02.02,480,
[★★★ 전체 : 수강신청 여석 조정 안내 ★★★],18.02.02,933,
[★★★ 졸업 본사정 결과 안내: 온라인 확인 (2.1일까지) 게시일 : 2월5일(월)까지 ★★★],18.02.01,368,
[★★★ 수강신청설명회 자료 수정 안내 : 1.31(수)오후3시 410호 ★★★],18.01.31,501,
3.09(금) 19:00 업댓-[4학년 진입예정자] 2018학년도 1학기 학부 졸업프로젝트 공개 주제 및 신청 현황,18.01.29,1775,
[☆☆☆3  4학년 창업실습 교과목 운영 안내 : 인재개발원 3층 네트워킹공간☆☆☆],18.01.25,495,
[졸업식] 2018년 2월 졸업식 관련 사전 안내 -컴퓨터공학과 학사학위 졸업자를 위한 안내-,18.01.23,655,
[★★★ 1학기 수강신청 기본 계획 안내 ★☆★],18.01.23,1055,
[★★★ 1학기 학부 수업시간표 공지(담당교수 미지정 포함) ★★★],18.01.23,732,
[전체] 2018학년도 1학기 수강신청제한과목(SCSC수강교과) 안내,18.01.23,525,
[★★★ 2017학년도 전기(2018년2월졸업) 졸업 본사정 실시 안내( 1.26금까지 학과에서 확인 바람) ★★★],18.01.15,489,
[★★★ 졸업연기 신청 안내 : 1.24(수) ~ 1.30(화) 17시까지 ★★★],18.01.11,351,
[부.복수.연계전공] 2017학년도 2차 CNU융복합창의전공 신청 안내 (신청기간: 2018.1.15.(월)~1.19.(금) 18시까지),18.01.10,237,
[인턴십] 2018학년도 1학기 학기제 백마인턴십 운영계획 안내,18.01.10,390,
[휴복학] 2018학년도 제1학기 휴·복학 신청 안내,18.01.10,431,
[졸업논문] 2017전기(2018년2월 졸업예정자) 졸업논문 합/불 확인,18.01.09,506,
[졸업논문] 2018전기(2019.2월 졸업예정자) 졸업 프로젝트 시행 일정 안내 및 학생 제안 주제 신청 안내 (기한:2018.1.12.(금)까지),18.01.03,785,
[등록] 2018학년도 제1학기 등록금 납부 안내,17.12.29,718,
[장학][국방ICT] 2017 지도교수 추천장학금 신청 안내 (기한: ~2018.1.5.(금)16시까지),17.12.28,324,
[★★★ 2017 2학기 외국어 성적 신청자 명부 : 확인용(공지기간 : 12.29까지) ★★★],17.12.22,388,
[장학] 2018-1학기 교내 장학금/국방ICT/SW사업단 장학신청 안내 (제출기한: 국방참여우수 2018.1.2.(화)까지  그외 2018.1.17.(수)까지 엄수),17.12.21,483,
[백마인턴십] 2017 동기 계절제 백마인턴십 선발자 명단-지도교수-주요일정 내,17.12.21,372,
[전과] 2018학년도 전과 시행계획 및 모집요강 안내 (제출기간: 2018.1.15.(월)~1.17.(수)),17.12.15,244,
[☆☆☆ 동기 계절학기 수강료 추가 납부 안내 ☆☆☆],17.12.14,336,
[★★★ 2학기 강의 기말평가 실시 안내 : 1.5(금) 18시까지 ★★★],17.12.14,184,
[★★★ 2014학년도 교육과정 : 공대 핵심교양 추가 안내 ★★★],17.12.14,383,
[장학] 2018년 국방ICT사업단 사업참여우수 및 성적우수 장학금 신청을 위한 "2017년도 국방ICT장학 안내",17.12.13,322,
[★★★ 교직학생 필독 : 겨울방학 중 방과후 학교 교육봉사 안내 ★★★],17.12.12,201,
[★★★ 2018학년도 부터 적용될 주요 학사 운영 변경 사항 안내 ★★★],17.12.06,1041,
[★★★ 6학기 등록자 해당 : 교과이수지도 실시(12.29(금)까지) ★★★],17.12.01,216,
2018학년도 대학원 2차전형 신입생 모집안내,17.11.16,333,
[★★★계절학기 수강을 위한 영어능력인정 특별신청 : 11.30(목)까지 ★★★],17.11.09,428,
[★★★동기계절수강신청 : 11.13~11.15(수) 18시까지 ★★★],17.11.06,390,
2017 동기 계절제 백마인턴십 실시 안내 (학생신청: 2017.11.6.(월)~2017.11.19(일)까지),17.10.27,596,
[4학년 졸업대상자] 2017년 전기 졸업논문 심사(제출) 대상자 확인 (2017.10.31.(화)까지 확인 필),17.10.26,905,
[★★★ 강의 중간 평가 실시 안내 ★★★],17.10.26,178,
[★★★ 2017학년도 전기(2018년2월졸업)졸업 예정자 명부 확인 안내:총162명임:(10.31일까지) ★★★],17.10.25,384,
[☆☆☆ 졸업예비사정실시 안내 및 개인결과수정 확인 : 4학년 필수  3학년 희망자/11. 10(금)까지 ☆☆☆ ],17.10.25,409,
[교직] 2018학년도 제1학기 교육실습 신청서 제출 안내 (제출기한: 2017.10.30(월)까지),17.10.17,230,
TOPCIT 제8회 정기평가 단체응시자는 꼭 확인하세요!!!,17.09.29,559,
[미래설계상담] 2017-2학기 미래설계상담 안내,17.09.26,596,
2018학년도 대학원 1차전형 신입생 모집안내,17.09.26,300,
[★★★ 2학기 보충 강의 지정일 안내 ★★★],17.09.26,258,
TOPCIT정기평가 학습자료 안내,17.09.26,263,
[★★★2학기 수강취소 신청 안내 : 10.10~10.16(월)18시 ★★★],17.09.25,201,
[3 4학년 전체 대상] 제8회 TOPCIT 정기평가 접수기간 연장 안내 (9.26(화) 18시까지 학과사무실  평가일:2017.10.21(토) 09:30~),17.09.22,222,
[★★★2017학년도 전기 조기졸업 신청 안내 10.10~10.13(금) 18시★★★],17.09.21,140,
2017. 2학기 캡스톤 디자인 재료비 최종 견적가 첨부. 한글파일 작성에 활용하세요,17.09.20,368,
[3 4학년] 학과사무실로 TOPCIT 응시신청한 학생 명단 "최종" 확인하세요 (확인기한: 2017.9.20(목) 정오까지),17.09.19,299,
[★★★ 2017학년도 동기 계절학기 운영 계획 안내 (SCSC교과목은 수강할수 없슴)★★★],17.09.19,452,
[공축제] 지역 중.고교 학생들과 함께하는 2017 CNU Engineering Fair 행사계획 2017.9.21(목),17.09.18,276,
[3 4학년 전체 대상] 제8회 TOPCIT 정기평가 응시 안내(학과접수 기간연장: 9.18(월) 17:00 까지  평가일:2017.10.21(토) 09:30~),17.09.14,332,
[★★★ 졸업연기 취소 신청 기간 안내 : 9.14(목) 17시까지 ★★★],17.09.13,191,
[★★★ 2017학년도 이후 입학자 교양 필수 사항 안내 ★★★],17.09.13,809,
2017년도 2학기 종합설계2 캡스톤 재료비 신청안내(9월 18일까지 마감),17.09.12,322,
[장학] 제21기 미래에셋 해외 교환장학생 대학 추천자 선발 (온라인 지원 및 출력 후 방문제출: 9.27. 17시까지),17.09.12,231,
[★★★ 2학기 영어 학점인정 신청 기간 안내 : 12.1(금) ~ 12.21(목  17시)★★★],17.09.11,655,
[경시대회] 2017 ACM-ICPC 프로그래밍 경시대회 참가학생은 (2017.9.11(월) 오후9시 414호로 모이세요- 등록기한 2017.9.12(화)까지),17.09.08,163,
[3 4학년 대상] 인턴십 이수 확인서 및 인턴십 이수보고서 제출 안내 (2017.9.22.(금)18시까지),17.09.08,251,
[3 4학년 대상] 제8회 TOPCIT 정기평가 응시 안내 (접수:9.11(월)~9.13(수)까지  평가일:2017.10.21(토) 09:30~),17.09.08,427,
[★★★1학년 : 공학윤리 분반 꼭 확인 하세요~ ★★★],17.09.07,124,
2017학년도 제2학기 교육과정 적용연도 변경 안내 (변경신청기간: 2017.9.11.(월)~9.28(목) 17시까지 엄수),17.09.05,262,
[★★★ 전학년 대상 중요 : 2017 한국 대학생의 교수학습과정에 대한 설문조사(NASEL) ★★★],17.09.05,161,
[★★★ 컴퓨터네트워크 수강자 학과로 와서 수강신청 합니다.~~ ★★★],17.09.04,243,
[★★★ 2학기 수강신청 내역 이수구분 정정 : 학생이 직접 변경 가능 ★★★],17.09.01,285,
[★★★ 4학년 글로벌영어 4단계로 레벨업 해야 학생 : 9월4일(월)  오전 11시까지 신청하세요.(처리완료]★★★],17.08.31,317,
[★★★ 성적경고자 대상 일취월장 학습법 워크숍 추가 일정 안내 ★★★],17.08.31,146,
[☆☆휴강 공지 : 컴퓨터구조(9/1 금)) 김형식 교수님 휴강 ☆☆],17.08.31,165,
[★★★ 4학년 : 2학기 캡스톤 디자인 결과 보고서제출 : 학과로(11월 30일까지) ★★★],17.08.29,593,
[★★★ 개강(9.1(금) 안내 및 시간표 확인 변경 안내(컴퓨터네트워크관련) ★★★],17.08.25,406,
[★★★ 2017학년도 2학기 창업(현장)실습 추가 신청 안내 ★★★],17.08.22,199,
[졸업프로젝트] 2017 공대 캡스톤 디자인/졸업작품 경진대회 참가팀 확정 및 포스터 제출 안내 (제출기한: 2017.8.29(화) 18시),17.08.17,349,
[졸업예정학생] 졸업식 안내,17.08.10,301,
2016후기 졸업대상자 졸업 가운 대여 안내 및 정심화 졸업식 참가 여부 확인 (신청: 2017.8.18(금))까지),17.08.09,211,
[★★★ 3 4학년 졸업 예비사정 8.8이후~ 수강신청 정정기간(반드시 학과방문바람)★★★],17.08.07,348,
[★★★전공 여석 조정 안내 : 8월 7일(월) 오전8시 20분 부터 조정함 ★★★],17.08.04,528,
장학선발.입력 기간 =휴학 신청 자제 기간=2017.8.7.(월)~등록금고지서 확인시 까지,17.08.03,282,
[장학] 2017-2학기 교내 장학생 선발 계획 (신청기한: 2017.8.7(월)18시까지),17.08.03,345,
[★★★컴퓨터네트워크 수강 희망자 조사 마감 : 아래 댓글단 학생들은 학과로 연락바랍니다... ★★★],17.08.02,623,
[졸업논문] 2017-2학기 졸업프로젝트 계획서 제출 안내 (제출기한: 2017.8.31.(목) 18시까지),17.08.01,404,
[★★★ 4학년 : 2016학년도 후기 졸업 본사정 결과 안내(반드시 본인 확인 요망) ★★★],17.07.31,335,
[★★★ 1학년 공학윤리 분반 안내 : 8월 7일 이후 수강신청 순으로 분반 예정],17.07.25,284,
[성적경고자 지원] 성적경고자 지원 프로그램 및 지도일정 안내,17.07.19,347,
[★★★ 8월 졸업예정자 : 졸업 본사정 결과 온라인 확인 안내(8.2~8.3)★★★],17.07.19,232,
[★★★2학기 수강신청 안내(7.25~8.7),17.07.19,1176,
[★★★ 1학년 2학기 시간표 안내(교양) 선수강신청 : 7.25(화)~7.26(수)★★★],17.07.17,679,
[★★★ 2017년 8월 심화과정 졸업예정자 대상 : 이수체계 내역 제출 안내 ★★★],17.07.11,208,
[교직] 2017학년도 교직과정 이수 신청 및 예정자 선발 안내 (신청기한: ~2017.7.13.(목)18시 까지),17.07.11,239,
[★★★ 2학기 전공 시간표 안내 : 시간표는 미리 작성해 보세요~~ ★★★],17.07.11,813,
[★★★ 졸업연기 신청 안내 : 7.24(월) ~ 7.28(금)18시까지 ★★★],17.07.11,170,
[4학년 중요!!] 우리학과 "마지막" 공학인증 포기 신청 안내 (제출기한: 2017.7.24.(월)까지),17.07.10,363,
2017학년도 후기 2차 대학원 신입생 모집 안내,17.07.10,145,
2017-2학기 휴학 및 복학 신청 안내,17.07.07,297,
2017학년도 1차 CNU융복합창의전공(복수·부·연계전공  교직복수전공) 신청 안내 (신청기간: 7.11(화)~7.19(수)),17.07.05,230,
[★★★ 1학기 영어 학점 인정 신청자 명부 확인 요청(6.23(금)까지),17.06.22,276,
[★★★ LINC 캡스톤디자인(종합설계1 관련) 최종보고서 제출 안내(6.29(목)까지),17.06.21,238,
「2017학년도 제2학기 재입학 시행계획」 및 모집요강 안내,17.06.20,157,
[장학] 2017-2학기 장학금 신청 주요 일정 안내 및 신청 안내 (기한 엄수!! 성적우수:7.13까지  사업단 장학:7.17까지  교내장학:8.3.까지),17.06.08,620,
[세미나] 클라우드 데이터 보안과 암호기술 세미나 참석 안내 - 학부 대학원생 누구나 가능,17.06.05,179,
[이야기] NHN 엔터테인먼트 인턴십학생들 소감  후배들에게 알려주고 싶은 것들,17.06.02,371,
[완료] 캡스톤 디자인 최종 견적가 공지(링크사업단 제출 파일입니다),17.05.29,346,
[캡스톤디자인] 분반별 신청 품목 확인,17.05.26,277,
[★★★6월 5일(월)까지 해당 학생들은 학과로 오세요(7학기 재학생) ★★★],17.05.26,512,
[★★★ 공인영어성적 인정 특별 신청 : 5.26(금) 11시까지 ★★★],17.05.23,293,
2017 하기 계절제 백마인턴십 실시 안내 (학생신청: ~2017.5.21(일)까지),17.05.10,517,
[전체] 2017학년도 하기 계절학기 수강신청제한과목 안내,17.05.08,312,
[★★★ 2017학년도 제1학기 : 중간 강의평가 실시 계획 안내 ★★★],17.04.26,262,
[★★★ 2017학년도 제1학기 정기 휴업일 보충강의 지정일 안내 ★★★],17.04.26,346,
[★★★ 2017학년도 하기 계절학기 수강신청 추가안내:글로벌영어 ★★★],17.04.26,432,
[졸업] 2016년 후기 졸업논문 심사(제출) 대상자 확인 (2017.4.25.(수)까지 확인 필),17.04.20,320,
2017학년도 후기 대학원 신입생 모집 안내,17.04.20,198,
[★★★ 2016학년도 후기(2017년 8월 졸업예정) 예비사정 결과 공지 : 온라인 확인 필수 : 4. 27(목)까지 ★★★],17.04.19,206,
[장학] 2017년 1학기 국가장학금 2차 신청 재학생 구제신청서 제출 안내 (~5.23(화) 24시 까지),17.04.18,173,
[★★★ 2017 하기 계절학기 설강 과목 안내(시간표는 추후 확인) ★★★],17.04.18,411,
[★★★ 졸업예비사정 재실시 안내(4.21.)(금)까지 ★★★],17.04.11,215,
[★★★ 2016학년도 2학기  2017학년도 1학기 교육과정 적용연도 변경자 필수 확인 사항 안내 ★★★],17.04.11,310,
[오픈랩 공결 확인 안내] 참석자에 한하며  해당 교과목만 인정 (4월10일오후4시까지),17.04.07,157,
[3 4학년] 오픈랩 행사 당일 오전 10시까지 행사장에 도착한 학생에게만 경품응모권을 받을 수 있는 오픈랩 확인증을 제공합니다.,17.04.06,163,
[★★★ IT영어(4/5(수))  운영체제및실습(03)(4/6) 이민선 교수님 휴강 안내 ★★★],17.04.04,150,
[3 4 학년] 컴퓨터공학과 대학원 오픈랩 행사 (4월7일 오전 10시) 안내,17.04.04,274,
[★★★ 2017학년도 1학기 수강신청 취소 안내(4.4(화) ~ 4.10(월) 18시~ ★★★],17.04.03,180,
[★★★ 4학년(7 8학기 재학생) : 졸업예비사정 실시 : 4월 4일(화)~ 4월 10일(월) 17시까지 ★★★],17.04.03,168,
[미래설계상담] 2017-1학기 미래설계상담 안내,17.03.31,740,
[교내 클라우드] 졸업프로젝트 진행자 대상 클라우스 시스템 신청자는 계정 확인하세요,17.03.30,335,
[★★★ 2016학년도 조기졸업 신청 안내 ★★★],17.03.29,135,
[★★★ 1학기 영어능력 인정 신청 안내 - 6.1~6.22까지 ★★★],17.03.17,422,
[★★★ 2017학년도 하기 계절학기 수요조사 안내 ★★★★],17.03.17,341,
[★★★ 2017년도 1차 TOPCIT 순회 설명회 안내 : 3월20일(월) 12시  410호],17.03.17,151,
[4학년 전체 필독 : 최신컴퓨터특강1 미수강학생들 : 8시 부터 시작되는 특강 참석 요망],17.03.15,214,
2017학년도 1학기 튜터 배정 명단 및 미배정 교과목 추가 신청 안내 (3월 15일까지),17.03.14,384,
[★★★ 퍼듀대학파견 귀국보고회 : 3/14(화) 18시~ ★★★],17.03.13,241,
[★★★ 졸업연기 취소 신청 기간 안내 : 3.15(수) 17시까지 ★★★],17.03.09,137,
Google cs-cnu.org 계정 유의사항,17.03.06,368,
[★★★ 데이터통신 : 이영석 교수님 수강 유의사항 안내 ★★★],17.03.03,338,
[★★★미래설계상담5{3.6(월) 일괄 취소 불가 : 개별 취소 바람 : 인증 학생 중 문제되는 학생만 학과로 오세요~★★★,17.03.03,303,
[★★★ 교육과정 적용연도 변경 신청 기간 : 3.13(월) ~ 3.31(금) 17시까지),17.03.03,300,
[SW중심] 제1회 대학생 빅데이터 아이디어 공모전 및 서포터즈 모집 안내,17.03.02,244,
[★★★ 수강신청정정 기간 안내 : 통합 여석조정완료 확인 바람 ★★★],17.02.28,386,
[전체학생 필!] 미래설계상담 수강신청 확인하세요-(2017.2.28.수정 안내),17.02.24,454,
[★★★ 2016학년도 전기 졸업자 명단(졸업연기자제외 97명 확정) ★★★],17.02.22,332,
[★★★ 1학년 이산수학(02)분반 : 복학생 수강반으로 운영 : 수강희망자 댓글 달아 주세요.. ★★★],17.02.09,428,
[장학] 2017-1학기 교내 장학생 선발 계획 안내 (서류제출:2.8(수) 정오까지 엄수),17.02.06,390,
[장학] 2017-1학기 국가장학금 시행 계획 안내,17.02.06,487,
[★★★ 심화과정졸업예정자(성적증명서 및 이수체계도 제출 요망)★★★,17.02.06,274,
[졸업논문] 2017.2.3.현재 컴퓨터공학과에서 졸업프로젝트 수행 중+계획서 제출 학생 현황 확인 (2차신청: 2.20(월)까지),17.02.03,654,
[★★★ 전공 여석 조정 안내(프로그래밍언어개론(01) 추가 분반 예정. 여석 조정 2/3/16시에 함)★★★],17.02.03,265,
[사업단특강 일정 변경 안내]SW중심대학 사업단 2월 동계방학 특강 안내(정정),17.02.03,209,
[★★★ 2016학년도 전기(2017년2월 24일 졸업예정) 졸업 본사정 결과(명단확인 2월 6일(월)까지),17.02.02,381,
[전체] 2017학년도 1학기 수강신청제한과목 안내,17.01.31,563,
[외국국적학생] 「지역선도대학 육성사업」2016학년도 2학기 성적 및 TOPIK 장학금 신청 안내 (1.25(수)~2.7(화)),17.01.26,147,
[SW사업단 2기 글로벌 SW인재트랙학생 서류 전형 선발 결과 안내 및 면접일정 확인],17.01.26,407,
2017-1학기 4학년 진입전 학생 및 4학년 학생의 공학인증 포기 안내 (2.7(화) 정오까지 제출),17.01.24,352,
[★★★ 1학기 수강신청 기본 계획 안내 ★★★],17.01.24,838,
[★★★ 2017학년도 1학기 학부 수업시간표 안내(담당교수 미지정과목 포함)★★★],17.01.17,756,
[인턴십] 2016 동계 백마인턴십 종료 후  참여학생 제출 서류 안내 (최종보고서 1.24화 까지  기관평가서 2.8(수) 정오 까지),17.01.16,253,
[학교 공지] 2017학년도 제1학기 휴·복학 신청 안내,17.01.12,357,
[외국 국적학생] 2017학년도 1학기 국제학생 의료 보험 가입 안내(2017.1.15.까지),17.01.12,91,
2016학년도 2차 CNU융복합창의전공(복수·부·연계전공) 신청 안내 (2017.1.17(화) 18시 까지),17.01.10,205,
[★★★ 2016학년도 전기 졸업연기 신청 안내(1.23(월)09시~1.31(화)17시):기일 엄수 ★★★],17.01.10,258,
[★★★2학기 영어학점인정 승인 내역:(확인요망)★★★],17.01.10,390,
[학과 안내] 휴학 관련 안내 (2017.2.28. 변경된 휴학신청 방법 추가 안내),17.01.06,482,
[장학] SW중심대학사업단 성적우수 및 사업참여우수 장학금 신청서 제출 안내 (~2017.1.18(수) 18시까지),17.01.06,316,
[장학] CK 국방ICT사업단 성적우수 및 사업참여우수 장학금 신청서 제출 안내 (~2017.1.18(수) 18시까지 연장),16.12.22,474,
[입시] 2017학년도 전과시행 안내 (1. 13.(금) 17:00까지 접수),16.12.22,223,
2017학년도 1학기 등록금 납부 안내,16.12.21,719,
2017학년도 제1학기 재입학 시행계획 및 모집요강,16.12.20,138,
[★★★ 전체 : 2017학년도 1학기 수강신청 설명회 안내(2/1(수))★★★],16.12.20,730,
(업댓2017-01-13(금) 11시) 2017학년도 1학기 학부 졸업프로젝트 신청 안내 (2017.1.13(금) 18:00까지),16.12.20,951,
[★★★선형대수(1학년):황치정 교수님 수업에 대한 점수 확인 일정 안내:12.19~20 ★★★],16.12.15,270,
[★★★2016년도 하반기 대학생활만족도 설문조사 안내 ★★★],16.12.09,182,
[장학] 2017-1학기 교내 성적우수장학금 신청서 제출(2016.12.16(금)~2017.1.25(수)18시 기한엄수),16.12.09,459,
현장실습 안내 (신청서류 제출 12.14(수) 18시 까지),16.12.05,301,
[졸업] 기한 연장안내2016년 전기 (2016.2월) 졸업논문/졸업보고서(인증) 제출안내 (12.20화 까지),16.11.28,783,
[★★★ 해당 학생은 학과로 오세요~11월 30일(수)까지 :7학기 등록자],16.11.28,643,
[★★★ 2학기 성적 평가 실시 안내 ★★★],16.11.24,415,
[장학] 2017-1학기 국가장학금 1차 신청 안내 (학생신청 ~2016.12.13(화) 18시까지),16.11.21,221,
[★★★ 3학년 2학기  4학년 1학기 재학생 대상 교과 이수 지도 실시 안내 : 11월30일(수)까지 ★★★],16.11.16,312,
[★★★동기 계절학기 일정 안내 및 수강료 추가납부(12.2~12.5)★★★],16.11.14,280,
[★★★4학년 : 캡스톤디자인 특허출원 지원 안내 ★★★],16.11.11,219,
[★★★[필독]성폭력 예방교육 실시 안내 : 2 3 4학년 모두 대상 ★★★],16.11.11,258,
[★★★ 동기계절학기 : 수강신청 11.9(수) 18시 까지 입니다.. ★★★],16.11.08,212,
2016학년도 동기 계절학기 수강신청제한과목 안내,16.11.07,258,
[대학원] 2017학년도 대학원 2차전형 신입생 모집안내,16.11.03,203,
[국방ICT튜터] 활동보고서 제출 안내 (11월 4일까지),16.10.31,276,
[★★★4학년 : 졸업예비사정 결과 본부 확인 분 재안내(11.9일까지 확인 후 이상 있을 경우 학과로 연락요망)★★★],16.10.28,449,
[전학년 대상] KOTRA와 세계일자리 Job기 설명회 참가자-교통지원 접수(11.1(화)18시),16.10.27,132,
!!! 컴퓨터공학과 공학인증 종료에 따른 안내-3 4학년 중 포기희망서 제출자 확인. 10.28(금)18시까지 엄수),16.10.26,328,
[해외인턴십 추천] 2016.10.27.변경안내-인재개발원 CNU-BC 단기 글로벌 리더십 프로그램 참가자 학과 추천 신청 안내 (11.2(수)17시까지 연장),16.10.25,228,
[등록] 2016 2학기 등록금 3차 추가압부 안내 (10.25(화)~10.26(수)),16.10.24,107,
!!! 컴퓨터공학과 공학인증 종료에 따른 안내 (3 4학년 중 포기희망서 제출: 10.25(화)까지 기한 엄수),16.10.18,468,
[3 4학년] TOPCIT 정기평가 응시 학생의 제출 서류 안내 (응시료환불:2016.12.1(목) 18시까지~),16.10.13,298,
[인턴십] 2016학년도 동기 계절제 백마인턴십 운영계획 안내(기업신청:10.30.까지  학생신청:11.13(일)까지),16.10.11,594,
[★★★ 동기계절학기 설강강좌 내역 안내 : 컴공 설강과목 없슴 ★★★],16.10.10,416,
[졸업] 2016년 전기 졸업논문 심사(제출) 대상자 확인 (2016.10.12.(수)까지 확인 필),16.10.05,479,
[국방ICT] 2016학년도 2학기 튜터 모집 안내,16.10.04,457,
[★★★전체 : 수강신청 취소 안내(10.11(화)~ 10.17(월) 18시),16.10.04,242,
[미래설계상담] 2016-2학기 미래설계상담 안내 (12월 19일까지 2회 이상 상담 완료),16.10.01,551,
[3 4학년 대상] 제6회 TOPCIT 정기평가 응시 기간 연장 안내 (접수~10.6(목)까지  시험일10.29(토)),16.09.30,180,
LINC 사업단 캡스톤 재료비 신청 견적서 입니다.,16.09.29,250,
[★★★3. 4학년 : 2016학년도 전기 조기졸업 신청 안내(2017년 2월 졸업),16.09.29,142,
[★★★1학년 : 진로설계1 수업안내 : 9/28(수)  17시에 보강합니다..,16.09.28,114,
LINC 사업단 캡스톤 재료비 신청 안내(9월 28일 수요일까지),16.09.27,208,
[국가장학금] 2016-2학기 국가장학금 2차 신청 재학생 구제신청서 제출 안내(11.22(화) 자정까지),16.09.26,109,
[대학원] 2017학년도 대학원 1차전형 신입생 모집안내,16.09.23,198,
[★★★4학년 : 2017년 2월 졸업예정자 중 조기취업자만 해당함(수강신청변경 : 9.27(화)까지 ★★★],16.09.22,199,
[공대Engineering Fair 2016.9.29(목)] 우리학과 캡스톤디자인.졸업작품 발표 팀 안내,16.09.21,319,
[★★★동기계절학기 수요조사 : 전공수요조사 신청은 학과로 신청하시기 바랍니다],16.09.19,265,
[3 4학년 대상] 제6회 TOPCIT 정기평가 응시 안내 (접수:9.19(월)~9.30(금)까지  시험일10.29(토)),16.09.12,226,
2016학년도 제2학기 교육과정 적용연도 변경 안내 (2016.9.29(목)까지 엄수),16.09.06,308,
[★★★2학기 영어 학점 인정 신청 안내 : 11.28(월) ~ 12.20(화) 17시까지,16.09.06,496,
[★★★1학년 : 진로설계1 수업 안내 : 공5410호에서 00/01 분반 합반 수업 진행합니다.. ★★★],16.09.05,125,
[★★★1학년 : 기초학력강화 방과후 교육(수학  물리)프로그램 안내 ( 대상명단 꼭 확인 바랍니다) ★★★],16.09.02,229,
2016-1학기 성적경고자 학업증진계획서 제출 및 상담결과보고 제출 (2016.9.12(월)까지),16.09.02,235,
[★★★2016학년도 2학기 수강신청 확인 및 변경기간 안내 ★★★],16.08.30,437,
[2012  2013학번 대상] 현장실습(6학점짜리 전필) 폐지에 따른 대체 이수 안내,16.08.25,562,
[★★★영어능력인정신청안내 : 글로벌 영어 단계조정이 필요한 학생 대상(2014이후 입학자)★★★],16.08.23,279,
2015학년도 후기 학위수여식 행사 안내 (2016.08.25(목) 14:00~  정심화홀),16.08.22,144,
[외국인학생] 보험가입 안내 (가입 신청 및 납부: 2016.8.18(목)~8.24(수)),16.08.22,93,
[★★★2학기 분반 예정 과목 추가 안내(수강신청순으로 분반함)★★★],16.08.19,358,
[★★★진로설계2 수강자중 여학생: MBTI (성격유형검사)실시요청★★★],16.08.18,154,
[장학] 2016-2학기 2차 국가장학금 신청 안내 (8.18(목)~9.6(목)까지 학생신청-가구원동의-서류제출),16.08.10,239,
[4학년 (7학기) 진입자 대상] 2016학년도 2학기 학부 졸업프로젝트 신청 안내 (2016.8.31(수)까지),16.08.09,347,
2015년 후기 졸업 대상자 졸업가운 대여 안내 (대여신청: 8.18(목)까지),16.08.09,164,
[★★★2017년 2 월 졸업예정인 심화과정 졸업 예정자 - 이수체계준수표 제출 요망 :연기 1월31일(화)까지 ★★★],16.08.09,340,
[백마인턴십] 2016년 하계 백마인턴십I(7주) 종료 후 기관평가서 제출 안내 (8.10(수)까지),16.08.09,134,
[★★★졸업요건 추가 안내(2016이후 포함) ★★★],16.08.08,545,
[★★★2학기 캡스톤디자인 계획서 접수 안내 : LINC 지원사업 ★★★],16.08.08,337,
[★★★최신컴퓨터특강2 강의 안내 ★★★],16.08.03,322,
[★★★알고리즘 추가 여석 조정 안내 : 45명에서 48명으로 최대 설정함 (4일  오전 9시)★★★]내용 없슴,16.08.03,220,
2016학년도 2학기 수강신청제한과목 안내,16.08.03,248,
[★★★데이타베이스 02분반 추가 분반 설강 안내 ★★★],16.08.03,215,
[장학] 2016학년도 2학기 교내 장학금 신청 안내 (8.4(목) 오후2시까지),16.08.02,408,
[★★★전공 교과목 정원 조정 안내 : 8월3일(수) 오전 9시 ★★★],16.08.01,520,
[인증포기] 2016년도 2학기 공학교육심화과정 4학년 진입전 학생 이수포기 안내 (8.12(금) 정오까지 시간 엄수),16.08.01,234,
[★★★2015학년도 후기 졸업 본사정 실시 결과 확인 안내(2016.8월졸업자: 8.4(목)까지★★★],16.07.29,224,
졸업논문(졸업 프로젝트) 수행 계획을 위한 설명회 (8.10(수) 19시 412호),16.07.29,270,
[★★★2학기 정원 조정 안내 및 수업시간표 최종확인(통합정보시스템) ★★★],16.07.29,475,
[★★★2016.2 학기 군 복무 중 학점인정 e-러닝 강좌 수강신청 안내 ★★★],16.07.27,141,
[★★★2016학년도 2학기 기초교양교육원 학습지원 프로그램 요구조사 실시 안내 ★★★],16.07.27,146,
[★★★교육과정적용년도 변경 예정자 : 기초글쓰기 및 진로설계1 이수 안내 : ★★★],16.07.26,345,
[★★★인증 교양시간표 안내★★★],16.07.26,408,
[장학] 2016년 1학기 SW중심대학사업단(WISE사업) 장학금 신청 안내(제출기한: 2016.8.3(수)18시 엄수),16.07.25,444,
장애학생은 학과로 증명 가능 서류 제출해 주세요(2016.7.25(월) 18시까지 기일엄수),16.07.20,103,
[★★★7학기 이수자 졸업예비사정 실시 안내(7.21~7.29)],16.07.20,246,
[★★★1학년 수강신청 안내(2016학년도 신입생):공지사항을 잘 읽어 보세요~~],16.07.19,993,
[★★★2016학년도 2학기 수강신청 계획 안내(수강신청 유의사항은 전학년 필독사항)],16.07.19,1213,
2016-2학기 등록금 납부 안내 (2016.8.25(목)~8.31(수)),16.07.15,463,
2016학년도 제2학기 휴·복학 신청 안내,16.07.12,235,
(양식변경 재공고) 2016학년도 1차 복수(부 연계)전공 이수(취소·변경) 신청안내 (기간:7.19(화)~7.22(금)),16.07.12,190,
[★★★2016학년도 1학기 영어학점 인정 사항 확인 안내 : 명단 누락된 학생은 학과로 연락바람],16.07.12,326,
2016학년도 2학기 학기제 백마인턴십 운영계획 안내,16.07.08,297,
[교직] 2016학년도 컴퓨터공학과 교직과정 이수 예정자 선발 안내 (신청서 제출: 7.8(금)~7.12(화) 18시 엄수),16.07.04,310,
[★★★2015학년도 후기 졸업연기 신청 안내:7.25(월)~7.29(금)],16.07.03,166,
[3 4학년] 학부생 랩 인턴 - 연구실 배정 확정 안내,16.06.30,507,
[★★★2학기 학부 수업시간표 안내(참고용): 변경 가능성 있슴],16.06.27,658,
[입시] 2017학년도 후기 학석사연계과정 모집요강 안내,16.06.24,180,
[3 4학년] 학부생 랩 인턴제도 및 신청서 제출 안내- 인턴신청가능연구실 계속 수정 중 ( 6월 28일(화)까지),16.06.24,444,
[★★★하기 계절학기 수강취소 안내],16.06.20,192,
[★★★하기 계절학기 수업기간 안내]6.22(수)부터 시작함,16.06.20,144,
2016-2학기 교내 "우수장학" 선발을 위한 우수장학금 신청서 접수 안내 (제출기한: 6.20(월)~7.15(금)),16.06.17,593,
2016학년도 제2학기 재입학 모집요강,16.06.16,136,
[★★ CNU 6대 핵심역량 설문결과지 수령],16.06.03,286,
2016학년도 LINC사업단 현장실습(백마인턴십) 지원 안내,16.05.27,339,
[★★신입생 기초학력 2차 진단 평가 실시 안내 : 6.8(수) 18시~20시],16.05.24,160,
[★★ 하기 계절학기 수강료 추가 납부 안내 : 6.2(목)~6.3(금),16.05.19,185,
[★★ 하기 계절학기 수강신청과목 취소 및 수강변경(신청)안내:5.20~5.24,16.05.18,232,
[전학년] 2016년 2학기 국가장학금 1차 신청 안내 (2016.5.19(목)~6.14(화) 18시),16.05.18,170,
[★★★임시 공휴일 지정에 따른 학사일정 변경 안내],16.05.02,314,
[4학년] 2015년2학기~2016년1학기 시작한 졸업프로젝트 수행 현황,16.04.27,457,
[4학년 중요!] 졸업논문 기합격자 명단 및 2016년 6월 제출대상자 명단(4학년은 확인필수),16.04.27,323,
[외국인 유학생] 2016년도 재능 및 상반기 외국인유학생 장학생 선발 안내(오늘4.25(월) 자정까지 온라인지원),16.04.25,121,
[★★2016년 8월 졸업 대상자 예비사정결과 재확인 안내-5.2일자 본부 확인 결과분,16.04.25,218,
[3학년 이상] 2016학년도 하기 계절제 백마인턴십 운영 계획 안내(기업신청:~5.15(일)  학생신청:~5.22(일)),16.04.22,491,
최근 공대로 인한 학교 명예 실추 관련 학장님의 의견 및 부탁의 말씀 (2016.4.18.),16.04.21,376,
[3  4학년 대상] TOPCIT 제5회 정기평가 신청 안내 (개별신청 4.29(금)까지),16.04.20,481,
[신입생 장학금] 2016학년도 국가우수장학금(이공계) 수능우수유형 신규장학생 신청 안내(2016.4.25(월)까지),16.04.19,134,
[★★계절학기 수업 안내(계산이론)],16.04.18,408,
[★★수강취소자 명단 확인 안내(4/19(화)까지)]누락된 학생은 학과로 바로 연락주세요..,16.04.18,229,
[오픈랩 공결 확인 안내] 참석자에 한하며  해당 교과목만 인정 (4월18일오후4시까지),16.04.15,184,
[1학년 신입생] 컴퓨터공학과 1학년 신입생 대상  학과 조교(교직원)의 GPS(Guiding star Program for Students) 신청 안내(4.12(화)까지),16.04.11,231,
[대학원] 2016학년도 후기 대학원 신입생 모집 안내,16.04.11,170,
[4학년필독] 2016년도 오픈랩 행사에 3부(석식) 참석 여부 조사 안내 (4월 11일(월)까지),16.04.07,521,
컴퓨터공학과 대학원 오픈랩 행사(4월15일 오전 11시) 안내,16.04.07,282,
[★★조기졸업신청 안내 : 4.4(월) ~ 4.7(목)]2015학년도 후기 졸업예정(2016.8월 졸업),16.04.01,133,
[★★1학기 수강신청 취소 기간 안내 : 4.5(화) ~ 4.11(월) 18시까지,16.03.29,245,
[미래설계상담] 2016-1학기 미래설계상담 안내,16.03.28,719,
[★★4학년 졸업예비사정결과 상담 안내: 방문 바람(3.29(화)~4.4(월)],16.03.28,203,
[종합설계 수강자] 링크사업단 졸업논문 재료비 지원 안내,16.03.28,671,
[미래설계상담] 2016-1학기 미래설계상담 지도교수님 배정 현황 확인 (3.26(토)까지 문의),16.03.24,476,
[컴공1학년] 필참!-미래설계상담 1차 집단상담 (3.25(금) 오후3시~5시  공5 410호강의실),16.03.22,217,
교육봉사(멘토링) 확인서 제출 안내 (3.29(화) 18:00 까지 엄수),16.03.20,143,
[신입생 및 편입생] 2016-1학기 신입생 및 편입생 신체검사 실시 (3.29(화) 9:30~오후4시  점심시간 제외),16.03.18,135,
2016학년도 제1학기 교육과정 적용연도 변경 안내 (2016.3.30(목)까지 엄수),16.03.17,308,
[4학년이상 전체] 2016-1학기 졸업프로젝트 계획서 제출 안내 (2016.3.22(화)까지),16.03.15,411,
[★★2016 하기 계절학기 운영 및 전공설강과목 확정 안내(계산이론 설강함),16.03.15,506,
2016학년도 제1학기 학부생 튜터 추가 선발 안내,16.03.15,369,
[★★ 1학년 수업시간표 재확인 안내(필독)],16.03.11,186,
2016-1학기 등록금 추가 납부 안내,16.03.11,113,
[★★2016학년도 1학기 영어학점인정 신청 안내(학과접수 : 6.1~6.20  17시까지),16.03.10,394,
[편입학/전과/재입학/복수전공학생] 공학인증 이수 신청 및 포기 신청서 제출 (3.15(화) 18시까지 엄수),16.03.09,163,
[★★신입생 - 포트폴리오교부 및 학생카드 제출 안내:3월7일(월)~],16.03.04,153,
[★★4학년 졸업연기 취소 신청 안내(3.15(화)16시까지 학과로],16.03.04,111,
[★★기초물리학1  기초물리실험1 수강신청안내/3월 4일 오전까지 신청은 컴퓨터공학과로 오세요],16.03.02,162,
2016-1학기 국가장학금 2차 신청 안내(2016.3.10(목)18시까지),16.03.02,170,
[★★수강정원 조정 안내],16.02.29,467,
[★★6학기 이상 예비사정 결과 안내(2/19일자 기준:첨부파일 수정 하였습니다),16.02.29,413,
[★★편입생 및 외국인미수강자 수강신청 안내]3월2일~ 3월8일(정정기간) 학과사무실에서..,16.02.29,133,
[★★1학기 전공 폐강교과목 및 담당교수 변경 안내],16.02.26,259,
[★★신입생 영어 능력 진단평가 2차 일정 안내 : 미응시자 모두 해당됨],16.02.26,108,
[★★신입생 영어능력 진단평가 결과 확인 안내 : 1차 시험 결과],16.02.26,127,
[★★2016학년도 신입생 영어능력 진단평가(1차)안내,16.02.04,165,
[*] 2016학년도 1학기 교내 장학금 신청 안내 (2.4(목) 오후2시까지),16.02.02,423,
[★★2016학년도 1학기 수강신청 변경 안내 : 3.2~3.8],16.01.27,670,
[★★2016_1학기 수업시간표 안내],16.01.22,497,
[★★심화과정 졸업요건 개정 안내(2006 이후 입학자 모두)],16.01.20,1229,
[*]2016학년도 제1학기 휴학 및 복학 신청 안내,16.01.19,310,
[*] 2016-1학기 4학년 진입전 학생 공학인증 포기 안내 (2.5(금) 오후4시까지),16.01.18,286,
[*]2015학년도 동기 계절제 백마인턴십 종료시  결과 제출 안내 (종료시 즉시),16.01.15,191,
[*]국방ICT 2015-2학기 성적우수장학금 사전 안내(1.22(금)18:00까지 연장),15.12.17,354,
[*]2016-1학기 교내 우수장학 선발을 위한 우수장학금 신청서 접수 안내(기간연장1.22(금)18시까지),15.12.14,369,
[★★2016학년도 신입생 영어능력 진단평가(1차)안내,16.02.04,150,
[*] 2016학년도 1학기 교내 장학금 신청 안내 (2.4(목) 오후2시까지),16.02.02,365,
[9][★★실전코딩 여석 조정 안내(2.3(수)오전9시)],16.02.02,294,
[9][★★데이타통신 여석 조정 안내(00 01)2월3일(수)오전9시,16.02.02,257,
[9][★★프로그래밍언어개론 여석 조정 안내-수정게시],16.02.01,342,
[9][★★ 추가 분반 못함;수강희망 인원이 적어 분반요청 못함],16.02.01,420,
[9][★★졸업사정 결과 확인 안내(16년2월 졸업예정자):2월1일(오전까지),16.01.28,425,
[★★2016학년도 1학기 수강신청 안내],16.01.27,603,
[★★컴퓨터공학인증과정 이수 학생들 대상 선수강신청(1.29(금)하루!!],16.01.27,416,
[9][★★졸업연기 신청 연장: 1.28(목)까지],16.01.27,172,
[*]2016학년도 1학기 학기제 백마인턴십 운영계획 안내,16.01.25,274,
[전체] 2016학년도 1학기 수강신청제한과목 안내,16.01.22,313,
[9][★★6 7학기 이수 대상자- 졸업학점 이수여부 상담안내(1.25~1.29),16.01.22,241,
[★★2016_1학기 수업시간표 안내],16.01.22,430,
[★★심화과정 졸업요건 개정 안내(2006 이후 입학자 모두)],16.01.20,419,
[9] 2016학년도 1학기 학부 졸업프로젝트 미신청자에대한 "추가" 신청(2016.1.29(금)까지),16.01.19,288,
[*]2016학년도 제1학기 휴학 및 복학 신청 안내,16.01.19,273,
[*] 2016-1학기 4학년 진입전 학생 공학인증 포기 안내 (2.5(금) 오후4시까지),16.01.18,232,
[*]2015학년도 동기 계절제 백마인턴십 종료시  결과 제출 안내 (종료시 즉시),16.01.15,181,
[9][★★졸업연기 신청 안내]1.18(월)~1.22(금)17시까지,16.01.14,179,
2015학년도 제2학기 사회봉사(2) 교과목 이수인증서 발급 안내,16.01.12,105,
[9]★★[성적발표 안내]이의신청은 1월13일(수)18시까지,16.01.06,237,
2015학년도 2차 복수(부 연계)전공 이수(취소·변경) 신청 안내 (2016.1.16(금)까지),16.01.05,143,
[입시] 2017학년도 학·석사연계 모집요강 안내,15.12.31,165,
[입시]2016학년도 전과시행 안내,15.12.31,232,
★★[수업]2016_1학기 타대학 수학 안내,15.12.31,234,
2016학년도 제1학기 등록금 납부 안내,15.12.28,304,
2016학년도 1학기 재입학 모집 안내,15.12.23,176,
[★영어학점인정신청자 명부 확인 안내],15.12.18,310,
[*]국방ICT 2015-2학기 성적우수장학금 사전 안내(1.22(금)18:00까지 연장),15.12.17,312,
[*]2016-1학기 교내 우수장학 선발을 위한 우수장학금 신청서 접수 안내(기간연장1.22(금)18시까지),15.12.14,356,
국방ICT 2015학년도 사업참여우수장학금 지급 안내(1.5(화) "16시까지"),15.12.14,287,
[업댓2015.12.31.18:00) 2016학년도 1학기 학부 졸업프로젝트 신청 안내 (2015.12.31.까지),15.12.11,560,
튜터/TA 12월 활동보고서 제출 안내,15.12.11,169,
[★★2016 1학기 - 확률및통계 이수 예정자 조사-11일(금)까지,15.12.10,352,
[*]2016-1학기(2015 동계방학동안 실습하는) 현장실습 신청 명단 "최종" 확인,15.12.08,284,
★★[계절학기]전공설강과목-모두폐강됨(사유: 미등록),15.12.07,314,
2015 동기 계절제 백마인턴십 신청 내역 확인 바랍니다(12.3(목) 18시까지),15.12.02,275,
현장실습 신청 내역 확인 바랍니다(12.3(목) 18시까지),15.12.02,208,
2015 전기 졸업논문 심사위원 안내,15.12.01,246,
튜터/TA 11월 활동보고서 신양식,15.12.01,162,
[★2학기 성적공시 안내],15.11.30,310,
[9][종합설계2]수강자 필독(캡스톤결과보고서 제출)- 완료함,15.11.25,234,
[9]2016학년도 제1학기 국가장학금 1차 신청 안내 (~12.16(수)18:00까지),15.11.24,202,
[9]2016학년도 제1학기 1차 국가근로장학금 학생통합신청 안내(12.16(수)),15.11.24,195,
[★★수강신청과목 취소 신청 안내:수강료납부전],15.11.17,265,
[국가장학금] 2016학년도 1학기 국가장학금 신청방법 변경 안내,15.11.10,328,
현장실습 산업체 선정 방법 및 산업체 협약내용 참고사항,15.11.09,210,
[★★SCSC교과목 계절학기 수강신청 안내],15.11.09,256,
[★★계절학기:전공수강신청은 재이수 학생만 신청가능함],15.11.09,305,
[9] 2015년 2학기 졸업논문/졸업보고서(인증) 제출안내 (12.1화),15.11.06,354,
[대학원-입시] 2016학년도 대학원 2차전형 신입생 모집요강,15.11.06,144,
[백마인턴십] (주)지란지교쇼프트 신청하세요-,15.11.05,297,
현장실습 안내 (신청서류 제출 11.30(월)까지),15.11.05,303,
[백마인턴십] 세트렉아이 신청하세요 (11.8(일)까지),15.11.05,243,
[9]TOPCIT 정기평가 안내 (2015.10.31(토) 09:10까지 입실 완료!!),15.10.29,168,
[9]★★[심화과정졸업예정자]전공이수체계준수표 제출기간 연장 안내(11/20(금)까지),15.10.29,234,
★★[필독사항]동기 계절학기 수강신청 안내(11.9~11.11)(재이수 수강자에 한함),15.10.29,373,
[9]★★[4학년 졸업예비사정결과 안내]필독사항(11월4일자로 재수정함),15.10.28,350,
2015-2학기 수업연한초과자 등록금 차액 반황 안내(10/23금까지),15.10.22,180,
[전체] 2015학년도 동기 계절학기 수강신청제한과목 안내,15.10.22,232,
[★수강취소자 명단]과목명 확인 바랍니다.(교양포함),15.10.14,439,
2015학년도 동기 계절제 백마인턴십 운영계획 안내(학생신청~11.8까지),15.10.14,359,
[9] 4학년 미래설계상담 학생위한 "취업컨설팅연계형 미래설계상담 운영 안내),15.10.12,206,
★[강의중간평가실시]10.19(월)~11.8(일)까지(기간연장),15.10.08,278,
우리학과에서는 모든 1학년 신입생이 GPS에 참여하도록 합니다.,15.10.06,358,
[조기졸업신청]10.1(목)~10.7(수),15.10.02,174,
★[수강취소]10.7(수)~10.13(화) 까지,15.10.02,228,
1학년 신입생 대상  학과 조교(교직원)의 GPS(Guiding star Program for Students) 신청 안내,15.09.25,248,
[*] 수정안내-2015-2학기 재학생 전체 지도교수 안내,15.09.22,344,
[융복합 pre-캡스톤 디자인 학생 참여 안내]9/25일까지,15.09.22,225,
[대학원-입시] 2016학년도 대학원 1차전형 모집요강,15.09.21,177,
!!! 수정안내-공학인증포기 신청서 2015학년도 2학기 "전입생"만 (2015.9.23(수) 18시까지),15.09.16,266,
[미래설계상담] 상담지도교수 안내-상담시작 해 주세요!!,15.09.16,386,
2015년 2학기 소속 및 교육과정 적용연도 변경 신청 (9.30(수)까지 엄수),15.09.15,189,
[계절학기 수요조사]전공과목(10.5(월)  16시까지),15.09.14,276,
2015학년도 제2학기 등록금 추가 납부 안내 (9.11(금)23:00까지),15.09.09,123,
[국방ICT 튜터 선발자]추가 제출 서류 안내,15.09.07,208,
[-]구글계정 관련 확인사항입니다.,15.09.03,300,
[국방ICT]튜터 선발 결과 공지(추가 선발 완료),15.09.02,293,
[9][신청기간 변경됨] 영어능력인정 신청 안내(11.16~12.17),15.08.28,347,
2015년도 제2학기 수강신청 확인 및 변경 안내,15.08.28,320,
2015 대학 교양기초교육 실태조사 실시 안내,15.08.28,126,
2015 글로벌인재양성 해외파견 프로그램 학생 모집 및 설명회 안내,15.08.27,253,
2015 공대 캡스톤 디자인/졸업작품 경진대회 참가팀 확정 및 포스터 제출 안내,15.08.21,259,
[국방ICT융합사업단]2015학년도 2학기 튜터 모집 안내(교과목 추가됨),15.08.21,314,
[2014학번 이후] 영어능력인정 제출 안내 - 글로벌 영어 단계 조절,15.08.21,234,
2014학년도 후기 학위수여식 행사 알림(08월 25일),15.08.18,160,
2015년도 2학기 졸업프로젝트(졸업논문) 신청안내,15.08.17,249,
2014년도 하계 졸업식(8월 25일) 가운대여 안내(마감),15.08.12,177,
2015년 직장예비군 대학(원)별향방기본1차보충훈련일정안내,15.08.12,119,
2015년도 2학기 교내 장학금 신청서 제출 안내,15.08.07,316,
군 복무 중 학점인정 e-러닝 강좌 수강신청 안내,15.07.28,163,
2014학년도 후기 졸업연기 추가 신청 안내,15.07.28,165,
[전체] 2015학년도 2학기 수강신청 제한과목 안내,15.07.27,464,
2015학년도 제2학기 장애대학생 도우미 지원 신청 안내,15.07.24,172,
[공학인증] 수강신청 안내 - 전문교양교과목 분반 및 인증교과목 분반,15.07.21,391,
[전체] 수정됨 - 수강신청 기간 동안 여석 조정 안내,15.07.21,470,
[졸업예정자] 졸업 본사정 결과 안내(7월21일까지 댓글),15.07.20,320,
2014학년도 후기 졸업연기 신청 안내,15.07.16,172,
[1학년-필독] 수정!! 수강신청 교과목 및 분반 안내 - 기초글쓰기 57분반 신청 가능,15.07.15,267,
2015학년도 제2학기 수강신청 기본계획 안내,15.07.15,698,
[2015학년도 후기]후기 대학원2차전형 시행 안내,15.07.14,174,
공학인증 이수포기서 제출안내(현재 6학기이수자)-8월3일까지,15.07.10,204,
2015년도 졸업미제출로 인한 불합격자 명단,15.07.10,263,
2015학년도 제2학기 등록금 납부 일정,15.07.10,344,
2015학년도 1차 복수(부)전공 신청 취소 안내,15.07.09,110,
2015학년도 교직과정 이수예정자 선발 안내,15.07.07,221,
2015년 외국어 수강료 지원 프로그램 안내,15.07.06,167,
ACM 프로그래밍경진대회 출전 학생 또는 팀 모집(조은선교수님),15.06.30,211,
2015년 프로보노 ICT멘토링 프로젝트 멘티 3기 모집 안내,15.06.19,187,
[전체] 2015학년도 제1학기 강의평가 실시 안내,15.06.16,259,
국방ICT융합인력양성사업단 설문조사 참여 협조 안내,15.06.16,170,
【 2015 대학생 및 대학원생 사교육비 실태조사 】-문자수신학생만 해당,15.06.15,145,
Verilog HDL 설계 특강 안내 (강의 일자 변경),15.06.15,215,
제9회 학생포트폴리오 경진대회 참여안내,15.06.12,154,
[-]2015년 8월 졸업자대상 졸업논문 결과 안내,15.06.11,218,
2015년도 2학기 실시간 화상교과목(글로벌 엔지니어 인증) 개설 안내,15.06.10,184,
[재입학]2015학년도 2학기 재입학 모집 요강 정정사항 안내(학년학기인정사항),15.06.10,208,
2015학년도 하기 계절학기 폐강강좌 안내,15.06.08,269,
2015학년도 하기 계절학기 수강신청 취소 안내,15.06.08,197,
하계 자바 프로그래밍 특강 안내,15.06.08,312,
[일정연기안내] 제2회 국방ICT융합인력양성사업단 설명회 안내,15.06.02,213,
2015학년도 하기 계절학기 수강료 추가 납부 안내,15.06.02,176,
[0]2015년도 2학기 국방ICT 장학금 신청안내(2015.1학기에 한해 제한사항 완화),15.06.02,250,
[0]2015년도 2학기 교내우수장학금 신청서류 접수 안내,15.06.02,254,
[-][전학년 필독]2015년도 2학기 국방ICT 장학금 관련 사전 공지,15.05.29,217,
[ 백마인턴십 희망자 신청] 지오넷,15.05.29,190,
공과대학 캡스톤디자인/졸업작품 경진대회 신청 안내(링크사업단 아님),15.05.27,198,
2015년도 예비군 향방기본훈련 대학(원)별 일정 안내,15.05.26,190,
2015학년도 하기 계절학기 수강료 납부 안내,15.05.22,267,
2015학년도 제2학기 국가장학금 1차 신청 일정-미신청시 장학금 수혜대상에서 제외,15.05.20,209,
[전체] 시험중복사유서 신청 안내,15.05.20,230,
[특성화] OSCON  ESC 파견학생 선정결과 공지,15.05.15,236,
2015년 8월 졸업대상자 졸업논문 및 졸업보고서 제출 안내(6월 5일까지),15.05.15,168,
[선발 2명] 백마인턴십 에네스지 선발안내-관심있는 학생은 학과로 문의(거의 선착순),15.05.14,236,
[특성화] 미국 임베디드시스템학회-실리콘밸리 파견선발  5월14일까지,15.05.09,269,
[특성화] 미국 오픈소스개발자대회 파견학생 선발  5월 14일까지신청,15.05.08,280,
[전체] 2015학년도 하기 계절학기 수강신청제한과목 안내,15.04.29,297,
[오픈랩 공결 확인 안내]참석자에 한하며  해당 교과목만 인정,15.04.28,321,
2015학년도 하기 계절제 백마인턴십 운영계획 안내,15.04.27,300,
[2015년 대학원 컴퓨터공학과 오픈랩 행사 안내],15.04.21,312,
[전체] 2015학년도 하기 계절학기 수강신청 안내 (05.11 ~05.13),15.04.17,308,
[대학원_입시]2015학년도 후기 대학원 모집 요강 안내,15.04.17,192,
[4학년-중요] 졸업예비사정 결과 확인 안내 (4월 16일까지),15.04.15,316,
[전체] 수강신청 취소 - 학과승인은 내일 (4월 10일) 오전 11시 진행,15.04.09,140,
[전체] 2015학년도 1학기 학부 전체 교과목 강의 중간평가 실시 안내,15.04.07,196,
국가우수장학금(이공계) 수능우수유형 신규 장학생 선발 신청 안내,15.04.06,172,
장학금 수혜자 중 국가장학금 미신청자 환수조치 안내(사유서 제출),15.03.26,209,
2015년 3월 현재 졸업논문 진행자 현황(포기자 포함)-4학년 반드시 확인(복수전공자,15.03.25,240,
졸업논문 기합격자 명단 및 2015년 5월 제출대상자 명단(4학년은 확인필수),15.03.25,194,
[전체] 2015학년도 제1학기 수강신청 취소 안내 (4. 3~4. 8.(수)),15.03.25,156,
2015학년도 신입생 등록금(입학금  수업료) 수납 처리 안내,15.03.24,107,
2015학년도 하기 계절학기 모바일 및 웹 수요조사 신청 안내,15.03.24,172,
[*]국방ICT융합인력양성사업단 장학금 시행 지침(전체학생 필독),15.03.19,294,
[4학년] 2014학년도 후기 조기졸업 신청 안내,15.03.17,150,
2015학년도 하기 계절학기 운영계획 안내,15.03.12,249,
[전체] 폐강강좌 수강지도 (교양만 해당),15.03.12,165,
[인증-중요] 선수과목을 이수하지 않고(F학점도 해당) 후수과목 수강할 경우,15.03.06,265,
[신입생-필독] 3월4일~6일 기초물리학실험1 수업 -> 3월 6일 오후5시 30분 진행,15.03.03,138,
[4학년-필독] 7학기 이상 이수지도 안내 (수정),15.02.27,384,
2015년도 1학기 졸업프로젝트 2차 마지막 신청안내(선착순),15.02.27,263,
[전체] 영어능력인정 신청 안내문,15.02.27,455,
[~2011학번] 현장실습 이수 면제 안내 (주의: 2012~2013학번은 필수),15.02.27,255,
[신입생]2015학년도 신입생 영어능력 진단평가 안내-3. 2.(월),15.02.27,102,
[신입생] 수강과목 확인 및 영어교과목 수강신청 안내 (3월6일까지),15.02.26,163,
[전체] 모바일 수강신청 안내 (3월1일까지 어플 다운로드),15.02.26,230,
2014년도 전기 컴퓨터공학과 학사 졸업식 안내,15.02.24,207,
[장소 변경] JAVA 프로그래밍 특강 개최(3/2~3/3),15.02.16,199,
[전체] 진로설계1 미이수자 중 진로설계2 수강자 수강신청 취소 안내,15.02.13,150,
[~2011 학번 복학생] JAVA 특강 교육일시 수요조사 안내(2/11까지 댓글요망),15.02.06,195,
2015년 1학기 학교 교내 장학금 제출서류 안내(2월 9일까지),15.02.06,339,
[전체-중요] 컴퓨터공학과에 개설한 교양 컴퓨터입문 수강신청 안내,15.02.05,291,
[전체] 전공필수 교과목 또는 전공선택 중 인증필수교과목 수강신청 하지 못한 학생 (2월 6일 오후 4시까지),15.02.05,277,
[졸업예정자] 인증 교과목이수체계도 준수 표 제출 안내 (2월13일까지),15.02.05,250,
[2학년] 컴퓨터공학세미나 및 MP1 수강신청 관련 - 수정,15.02.04,328,
[전체-중요] F학점 이상 성적취득을 위한 수업일수 조정 안내,15.02.03,318,
[9][전체] 수강신청 못한 교과목 수요조사 안내 (컴퓨터공학세미나 등),15.02.03,451,
[~2011 학번 복학생] JAVA 특강 수요조사 안내,15.02.02,231,
[전체] 수강신청 기간 동안 전공교과목 여석 조정 안내,15.02.01,401,
2015년도 1학기 국가장학금 시행계획안내,15.01.29,323,
[2006~2011학번 2학년] 확률 및 통계 수강신청 분반 안내 (03분반),15.01.29,207,
[-]수정-[수강신청-공학인증(MSC) 교과목 재이수 관련]-분반안내,15.01.26,348,
졸업연기신청자 명단 확인 안내 (1월 29일까지),15.01.26,247,
[졸업예정자] 졸업 본사정 결과 안내-수정(1월29일까지 댓글),15.01.26,382,
[수강신청] 수강신청 불가 과목 안내(야간 수업 일부),15.01.26,338,
[2015학년도 1학기 수강지도],15.01.26,553,
[공학인증필독-수강신청] 전문교양 이수학점(8학점) 및 설계학점 개정 안내,15.01.26,607,
데이터베이스진흥원] 졸업프로젝트 연계가능 프로젝트 신청자 접수 안내,15.01.23,216,
공학인증 이수포기서 제출안내 2월 5일 4시까지접수연장,15.01.20,214,
2015학년도 제1학기 수강신청 기본계획 안내,15.01.20,386,
2015년도 1학기 백만인턴십 운영계획 안내,15.01.15,234,
[전체] 수강신청 기간 안내 (공학인증 선수강신청 기간 없음),15.01.14,334,
부복수 전공 신청 취소 및 교직 복수전공자 이수 신청 및 취소 안내,15.01.12,136,
[졸업예정자] 졸업연기신청 안내 (1월23일까지),15.01.07,199,
[2016]학석사 연계과정 모집 안내,14.12.31,240,
2014학년도 2학기 공인외국어 성적 신청자 명부 확인 (12월 19일까지),14.12.18,257,
외국어 위탁교육 운영계획 안내 및 신청 (12월 18일 오전11시까지),14.12.17,147,
[LINC캡스톤디자인] 우수사례 자료 제출 안내 (12.18일까지),14.12.16,159,
[재입학시행]모집요강 안내(접수:1.2(금)~1.6(화)),14.12.15,146,
[전과시행]모집요강 안내(1.8~1.13),14.12.12,240,
2015년도 1학기 교내우수장학생 선발을 위한 신청서 제출 안내,14.12.11,246,
2014학년도 동기 계절학기 수강신청 취소 안내,14.12.10,170,
2014학년도 동기 계절학기 폐강강좌 안내-자료구조설계 포함,14.12.04,220,
2015년도 1학기 졸업프로젝트 신청안내(선착순 접수),14.12.02,406,
2014학년도 동기 계절학기 수강료 추가 납부 안내(~12. 3(수)),14.12.01,153,
[-]2015년도 1학기 국가장학금 신청 안내,14.11.26,252,
국방ICT특성화사업 종합 학술대회 발표팀/포스터팀 준비사항,14.11.26,222,
[ACE사업] 강의중간평가 상품권 지급 안내(11월 28일까지),14.11.21,222,
[전체] 2014학년도 동기 계절학기 수강료 납부 안내,14.11.20,171,
백마인턴십(현장실습) 추가접수 안내,14.11.19,242,
2014년도 2학기 졸업논문 제출서류의 심사위원 명단,14.11.13,255,
(졸업논문제출자 반드시 신청)20일 15시 마감!!국방ICT융합인력양성사업단 졸업논문/작품...,14.11.13,290,
[-]2015학년도 제1학기 국가장학금 신청 안내,14.11.11,201,
[졸업예정자] 영어학점인정 이수구분(일선->교양) 변경 신청 안내,14.11.11,215,
2014년 2학기 졸업논문/졸업보고서(인증) 제출안내,14.11.07,262,
동기 계절학기 운영 교과목 및 수강신청 기간 안내,14.11.06,245,
[대학원입시]대학원 2차 전형 지원 안내(11.7~11.11(화)18시까지,14.11.05,198,
2015년 1학기 현장실습 수강신청 안내,14.11.04,237,
[-]현장실습 개설학기 및 백마인턴십 전공 인정 여부 안내 (2014년 동기 계절학기부터)-부복수전공자 필독,14.11.03,456,
국방ICT융합인력양성사업단 장학생 선발을 위한 "마일리지 항목" 안내,14.10.30,428,
[4학년] 졸업예비사정 결과 확인 안내 (10월30일까지),14.10.29,299,
[-]미래설계상담 신청 방법(1학년은 반드시 필독),14.10.29,485,
[국방ICT융합인력] 제1회 전문가 초청 강연회 - 참여장학포인트 지급,14.10.27,141,
충남대학교 LINC사업단 산학협력 Business 컨퍼런스 개최 안내,14.10.24,128,
2006~2011학번까지의 공학인증 포기서 추가 접수안내,14.10.23,161,
충남대학교 올해의 공대인상 시상 관련 신청 안내 11월 5일 오전 10시까지,14.10.10,193,
[특성화] 취업연계형 프로젝트-쎄트렉아이,14.10.07,208,
국외(유럽/아시아) 자매대학 교환학생 프로그램,14.10.06,214,
[4학년] 조기졸업 신청 안내,14.10.06,162,
[전체] 2014학년도 제2학기 수강신청 취소 안내,14.10.06,176,
2014학년도 동기 계절제 백마인턴십 운영계획 안내,14.10.02,251,
종합설계2 수강자 TOPCIT 시험 응시 독려,14.10.02,178,
[4학년] 종합설계2- 캡스톤디자인계획서 제출 명단 안내,14.10.01,176,
[특성화사업]튜터 활동보고서 제출 안내(추후공지는 '사업단소식'에 공지함),14.09.30,221,
[4학년-종합설계2]「산학협력 Business 컨퍼런스」캡스톤디자인 Auction 신청 안내,14.09.29,146,
[-] 학과 문자전송 서비스 관련 안내,14.09.24,470,
[-]2014년 2학기 9월 졸업논문 진행현황,14.09.24,268,
전입자(재입 편입 전과  복수전공자) 공학인증 포기안내,14.09.23,148,
[0][대학특성화사업] 취업연계형 인턴십 모집안내,14.09.22,193,
[대학원]2015학년도 대학원 1차 전형 모집 요강 안내,14.09.18,228,
[전체] 2014학년도 동기 계절학기 운영계획 안내,14.09.18,210,
[-]TOPCIT 2차 정기평가 안내(종합설계수강자는 의무임)- 접수 기간연장:8일까지,14.09.15,171,
등록금 추가 납부 안내,14.09.12,133,
[4학년-종합설계2] 캡스톤디자인지원 계획서 접수 안내(9월24일까지),14.09.11,189,
[공학인증-CAC] CAC 산학프로젝트 매칭 결과 안내,14.09.11,164,
2014년직장예비군_대학(원)별향방기본1차보충훈련 안내,14.09.03,162,
[전체] 2014학년도 제2학기 미수강자 명단 안내,14.09.03,284,
[2014학번] 영어능력인정 제출 안내 -글로벌 영어 단계 조절,14.09.03,198,
[전체] 영어능력인정 신청 (12월 19일까지),14.09.03,393,
『2014 한국전자산업대전(KES)』단체참관 신청 안내,14.09.03,217,
[공지] `14년 하반기 「Samsung S/W Track (SST)」 선발 공고,14.09.02,616,
[4학년-중요] 7학기 이상 이수지도 결과 안내-댓글 필수,14.08.29,299,
[특성화사업]2학기 튜터 선발 결과 안내(17일까지 선발학생들은 서약서 계획서  통장사본 제출),14.08.29,417,
2015학년도 제1학기 교육실습신청서 제출 안내(교직이수자),14.08.28,148,
[전체] 자바 프로그래밍 특강 개최(9.1~9.5  접수받는 중),14.08.25,249,
2014년 2학기 졸업프로젝트 신청안내,14.08.25,260,
2014학년도 제2학기 장애대학생 도우미 지원 신청 안내,14.08.20,134,
2013학년도 후기 학위수여식 행사계획 안내,14.08.20,128,
[행사] 2014년 하반기 SST 설명회 개최(9/15 17시 취봉홀),14.08.19,457,
산학협력 선도대학(LINC) 육성사업 캡스톤디자인 경진대회 개최 안내,14.08.19,127,
(마감완료)2013년도 후기 졸업자 졸업가운 대여 안내(2014.8월 25일졸업),14.08.14,153,
[-]2014년도 2학기 이후 교내 우수  격려 등 교내장학금 지급 관련안내,14.08.12,577,
2014년도 2차 공학인증 취소자 명단 확인,14.08.12,278,
2014. 2학기 교내 장학금 신청서 제출안내(8월 12일까지),14.08.11,378,
2014년도 2학기 나눔고리 장애인 대학생 장학금 지원사업 신청안내,14.08.07,129,
[2학년-필독] 시스템프로그래밍 수강신청 요건,14.08.06,291,
[4학년-필독] 이동통신 강의 일정 안내(12주 내에 완료),14.08.06,208,
[전체-긴급-정정] 전문교양 및 MSC 재이수 기간 (9월 4일) 안내,14.08.05,248,
[공학인증]인건비 지급  학점연계 CAC산학프로젝트 설명회 개최(8.6 10:30),14.08.04,145,
[공학인증](no.224 관련)인건비 지급  학점연계 CAC산학프로젝트 참여학생 추가모집(정원 충원시까지),14.08.01,184,
[공학인증-CAC]CAC 참여 신청자 명단 및 산학프로젝트 목록 안내(실시간 업데이트 예정),14.07.31,184,
[4학년] 정보보호 추가 분반 안내,14.07.31,222,
[1학년-필독] B반 기초글쓰기 47반 수강신청 가능,14.07.30,154,
[1학년] 선형대수  기초글쓰기  진로설계 수강신청 기간 안내,14.07.30,237,
폐지된 전필교과목에 대한 대체교과목 안내,14.07.28,313,
[-][졸업예정자] 졸업 본사정 결과 안내(7월29일까지 댓글),14.07.28,314,
[4학년] 2013학년도 후기 졸업연기신청자 명단 안내 ( 2014년 8월 졸업연기자),14.07.28,188,
[공학인증]인건비 지급  학점연계 산학프로젝트 지원 안내(참여희망자 모집 7.30.까지),14.07.25,195,
공학인증 포기서 제출 안내,14.07.24,253,
[2012~2014학번]필독-매 학기 교과목이수 안내 (졸업요건포함),14.07.22,779,
[4학년] 졸업연기신청 안내 (~7. 25.(금)까지),14.07.18,179,
세월호 침몰사고 생존자(생존자 가족 포함) 장학금신청안내,14.07.17,196,
2014 하계 백마인턴십 종료 절차 안내,14.07.17,172,
[-][1학년-필독] 수강신청 교과목 및 분반 안내,14.07.14,362,
[공학인증] 수강신청 안내 - 전문교양교과목 분반 및 인증교과목 분반,14.07.14,347,
[전체] 수강신청 기간 동안 여석 조정 안내,14.07.11,293,
[-][전체-필독] 수강신청 시 진급예정학년으로 수강신청(1학기와 달라진 사항),14.07.11,276,
[-][전체-필독]2학기 수강신청 안내(공학인증: 7월30일~31일),14.07.11,458,
[급!공지] 인건비 지급  학점연계 산학 프로젝트 지원 안내(신청 7.9 15시까지),14.07.09,189,
2014년 1차 부복수전공 신청/취소 안내,14.07.07,152,
[3 4 학년] 2014년 외국어 수강료 지원 프로그램 안내문,14.07.01,212,
2014년 8월 졸업 대상자 논문 합불결과 확인 안내,14.06.26,245,
[대학원 입시]2015학년도 학석사연계과정 및 석박사통합과정 모집 안내,14.06.20,241,
제 10회 삼성전기 Inside Edge 논문 대상 공모,14.06.19,141,
[전체] 2014학년도 1학기 영어학점인정 신청자 안내,14.06.18,237,
2014학년도 교직과정 이수예정자 선발 안내,14.06.17,166,
2014년도 2학기 교내우수장학생 선발을 위한 신청서 제출 안내,14.06.17,271,
2014년도 1학기 캡스톤디자인 최종보고서 제출 안내(6월25일까지),14.06.16,153,
[재입학]2학기 재입학 모집요강 안내,14.06.05,216,
2014 공과대학 캡스톤디자인·졸업작품 경진대회 신청서 접수 안내,14.05.29,184,
[전체] 2014학년도 하기 계절학기 수강료 납부 안내,14.05.27,206,
[전체] 초청강연 안내,14.05.19,215,
2014년 5월 졸업논문 제출자 대상 논문심사위원 명단,14.05.16,196,
[2012 이후학번] 공학인증 이수 포기 불가 안내(예외사항있음.),14.05.13,558,
2014년도 1학기 미등록자 제적 안내,14.05.12,254,
백마인턴십 구하지 못한 학생을 위한 안내,14.05.12,313,
[오픈랩공결처리 요령 안내],14.05.08,276,
[전체] 2014학년도 하기 계절학기 수강신청 안내,14.05.07,259,
[4학년] 졸업예비사정 결과 안내 (2014년 8월 졸업 예정자),14.04.18,227,
[3 4학년] TOPCIT 설명회 안내 (4월16일),14.04.15,190,
[대학원 오픈랩 행사 안내]5월9일(금)10시~,14.04.15,342,
[전체] 2014학년도 제1학기 수강신청 취소 안내,14.03.31,213,
[전체] 2014학년도 하기 계절학기 운영계획 안내,14.03.24,281,
[4학년-종합설계1]캡스톤디자인지원 계획서 제출 안내(4월3일까지),14.03.20,186,
2014학년도1학기 영어능력인정 신청 안내(6월18일까지),14.03.12,347,
[4학년] 2010학번 졸업사정 재 안내-교양필수관련,14.03.12,232,
[4학년] 웹프로그래밍 03반으로 수강 변경 안한 학생 불이익 안내,14.03.07,281,
[4학년-중요] 7학기 이수 지도 결과 안내,14.03.06,335,
[지원기간 연장] `14년 상반기 「Samsung S/W Track (SST)」 선발 공고,14.03.05,262,
[전체] 웹프로그래밍 분반 안내,14.03.05,214,
MP1 추가 분반 안내 (3월 5일 9시 30분 ),14.03.03,214,
[전체] 2014년 상반기 SST 설명회 안내 [3. 5(수) 17:00],14.02.28,283,
[비인증-중요]2014학년도 교양교육과정 개편에 따른 국어작문관련 및 영어관련교과목 안내,14.02.28,509,
[-][비인증-중요]국어작문관련 및 영어관련교과목 안내,14.02.28,334,
[신입생] 수강과목 확인 및 영어교과목 수강신청 안내,14.02.28,238,
[신입생] 영어능력 진단평가(3차) 일정 안내 [3.3(월) 19:00],14.02.28,169,
[신입생] 교양영어수업 수강신청 방법(3월3일),14.02.25,197,
[전체] 자바프로그래밍 특강 분반 안내 (2학년 필독),14.02.20,558,
[전체] MP1 분반 취소 및 추가 수강신청 안내,14.02.19,212,
[전체] MP1 추가 분반 안내 및 수강 신청 안내- 2월 7일 오전 9시 30분,14.02.06,222,
[전체] 수강 정원 조정 안내-2월 7일 오전 9시 30분,14.02.06,261,
[전체] 정원 조정 안내- 2월 6일 9시,14.02.05,299,
[전체] MP1  MP3  SS1 수강신청 희망 수요조사,14.02.05,297,
[전체] 전체 수강신청 기간 동안 여석 조정 안내,14.02.04,346,
[전체] SS1 교과목 전학년 수강 가능,14.02.03,324,
[4학년-필독] 전필(인증필수 포함) 교과목 연속 설강 불가 안내,14.02.03,379,
[2012학번~2013학번 필독] 졸업요건 개정 안내,14.02.03,406,
[2학년] ~2011학번 1학년 확률및통계(03 04) 수강신청 가능 안내,14.01.29,243,
[전체] 공학인증 교과목 수강신청 안내(2월5일수강신청),14.01.28,399,
[졸업예정자] 2013학년도 전기 졸업연기 신청자 명단 안내,14.01.24,233,
[졸업예정자] 졸업 본사정 결과 안내(1월29일까지 확인 댓글),14.01.24,319,
[전체] 2014학년도 제1학기 수강신청 기본계획 안내,14.01.23,447,
2013학년도 전기 졸업연기 신청 안내(1. 22.(수)까지),14.01.15,189,
[학적]전과 시행 안내,13.12.16,314,
[전체] 영어학점인정 신청자 명부 안내,13.12.12,265,
[4학년] 2014년 2월 인증 졸업예정자 교과목이수체계도 준수 표 제출 안내,13.12.12,182,
2013학년도 동기 계절학기 개강 안내(12월16일),13.12.12,167,
2013학년도 동기 계절학기 수강료 추가 납부(최종) 안내-12. 13.(금) 15시까지,13.12.12,103,
[학적]2014학년도 재1학기 재입학 모집 안내,13.12.12,225,
2013학년도 동기 계절학기 수강신청 취소 안내문,13.12.06,131,
[공학인증] 영어 졸업 기준 개정 안내,13.12.02,263,
2013학년도 동기 계절학기 추가 수강신청 및 수강료 추가납부 안내,13.11.22,194,
[대학원]2차 전형 모집요강 안내,13.10.28,193,
[삼성전자] SST 지원자 명단 확인 및 추가 접수기간 안내,13.10.25,249,
[전체] 동기 계절학기 수강신청 안내,13.10.24,261,
[삼성전자] Samsung SW Track(SST) 설명회(10월25일까지댓글),13.10.24,191,
[4학년] 2014년 2월 졸업예정자의 졸업예비사정 결과 안내(10월18일까지),13.10.15,243,
2013학년도 제2학기 미수강자 명단 안내,13.10.15,209,
[전체] 기초물리학실험2 계절학기 수강 신청 관련(10월10일까지),13.10.08,137,
[4학년] 조기졸업 신청 아내 (10월9일까지),13.10.08,128,
“2013학년도 동기 계절학기″운영계획,13.10.07,226,
[대학원]1차 전형 모집 일정 안내,13.09.23,227,
2013학년도 제2학기 수강신청 취소 안내,13.09.17,184,
[4학년-중요] 2학기 캡스톤디자인지원 계획서 접수 안내(9월26일까지),13.09.04,189,
2013학년도 2학기 영어능력인정 신청 안내(12월13일까지),13.09.03,434,
[4학년] 2013학년도 2학기 7학기 이상인 학생의 졸업예비사정 결과 안내(8월29일까지),13.08.21,284,
[전체] 알고리즘 분반을 위한 수요조사 안내-시간표 정정안내,13.08.09,242,
정보보호 분반 관련 안내,13.08.06,255,
[전체] 전공 외 공학인증교과목 재이수 관련(8월5일오후5시까지),13.08.02,279,
[4학년] 전공 교과목 미수강 교과목에 대한 수강신청 희망 수요 조사,13.08.01,257,
데이터베이스 수강신청자 필독,13.07.31,256,
[4학년] 프로젝트설계 및 종합설계 교과목의 교과목명 변경 안내,13.07.30,237,
전체 수강신청 기간 동안 여석 조정 안내,13.07.30,417,
2013학년 8월 졸업연기신청자 명단 확인 안내(7월30일까지),13.07.29,199,
2013년 8월 졸업예정자 졸업사정 결과 안내(7월30일까지확인),13.07.26,240,
[전체] 컴퓨터프로그래밍1 재이수 분반 안내,13.07.22,264,
알고리즘 수강 대상자 안내 (~2011학번까지  2012학번 대상 아님),13.07.22,307,
[전체] 2013학년도 제2학기 수강신청 안내 (공학인증-7월25일~26일),13.07.19,542,
2012학년도 후기 졸업연기 신청 안내-7월26일까지,13.07.19,154,
[2012학번  2013학번] 일반교양 교과목 수강안내,13.07.16,360,
[전체] 전필 교과목 및 전필대체지정 교과목 안내,13.07.15,370,
[공학인증] 수강신청 - 전문교양교과목 분반 및 인증교과목 재이수 안내,13.07.15,361,
[1학년] 수강신청 안내-필독,13.07.15,359,
2013학년도 제2학기 재입학 모집 안내,13.06.20,138,
2013학년도 1학기 영어능력학점 인정 신청자 명단 확인 안내 (6월18일까지),13.06.14,242,
[전체] 2013학년도 하기 계절학기 추가 수강신청 안내-영어,13.06.07,231,
[4학년] DAsP 자격검정시험 일시 및 장소 안내,13.05.22,153,
2013학년도 하기 계절학기 폐강강좌-자료구조및실습 안내,13.05.20,233,
[4학년] 제17회 DAsP 자격시험 응시자 안내,13.05.15,173,
DAsP(데이터아키텍쳐 준전문가) 자격시험 접수 안내,13.05.01,176,
[전체] 2013학년도 하기 계절학기 수강신청 안내[5.13(월) - 5.15(수)],13.04.30,241,
[4학년] 2013년 8월 졸업예정자의 졸업예비사정 결과 안내(4월22일까지),13.04.19,179,
[신입생] 2학기 수강신청 과목 조사 안내 (4월18일까지),13.04.16,327,
[4학년] 조기졸업 신청 안내 (4월12일까지),13.04.09,151,
[전체] 2013학년도 1학기 수강신청 취소 명단 확인 안내-교양과목추가,13.04.03,226,
[4학년] 7학기이상자 졸업예비사정 결과 안내 (3월29일까지),13.03.22,341,
[컴퓨터공학과 오픈랩 행사 안내-4월12일(금)3 4학년 [추첨 일정 변경],13.03.22,367,
2013학년도 제1학기 수강신청 취소 안내,13.03.21,167,
[전체]2013학년도 하기 계절학기 운영계획 및 수강희망서제출안내,13.03.19,192,
[전체]2013학년도 제1학기 영어능력인정 신청 안내,13.03.14,561,
[전체-필독] 재이수 관련 (3월 22일까지),13.03.07,275,
[인증] 교과목이수체계도준수표 제출 안내-2013.2월 졸업예정자,13.02.18,242,
[신입생-필독] 수강신청 안내,13.02.13,410,
컴퓨터공학세미나  MP1 수강신청 관련,13.02.06,382,
[2학년] 확률및통계 03반 개설되었으니 수강신청 바람.,13.02.05,248,
[컴공] 전공필수 재이수 관련 - 필독,13.02.04,558,
[전체] 수강신청 기간 동안 여석 조정 안내,13.02.04,543,
[4학년]종합설계는 ~2008학번도 인증필수( 2013년8월졸업예정자 반드시수강신청),13.02.04,235,
[2학년] 객체지향설계 학기 변동 안내 (2학년2학기),13.02.04,284,
[전체] 교과목이수체계도 개정 안내 (2006~2011),13.02.04,413,
[전체] 전공교과목 학년별 수강신청 기간 안내,13.02.01,635,
[인증] 수강신청 - 전문교양교과목 분반 및 인증교과목 재이수 안내,13.02.01,429,
[2학년] 수강신청 안내,13.01.29,620,
[4학년] 졸업연기자 명단 확인 안내,13.01.25,310,
[전체] 2013학년도 제1학기″수강신청 기본계획 안내,13.01.22,675,
[4학년] 2012년도 전기(2013.2월 졸업자) 졸업생 명단 안내(최종),13.01.22,377,
[4학년] 졸업 연기 신청 안내(1월25일까지),13.01.17,228,
[4학년] 2012학년도 전기 졸업 본사정 결과 안내(1월18일까지확인),13.01.17,277,
[4학년] 7학기 이상 등록자 졸업예비사정 결과 확인 안내-졸업예정자제외,13.01.09,270,
[전체] 정규 교과목 외에 전공 특강 수요조사 안내,12.12.27,471,
[전과]2013학년도 1학기 전과시행 안내,12.12.21,577,
[전체] 2012학년도 동기 계절학기 수강신청 취소 안내,12.12.18,176,
전체] 2012학년도 2학기 영어능력학점 인정 신청자 명단 재 확인 안내(12/19),12.12.18,239,
[전체] 2012학년도 후반기 외국어 위탁교육 신청 안내,12.12.18,151,
[재입학]2013학년도 1학기 재입학 안내,12.12.17,281,
[전체] 2012학년도 2학기 영어능력학점 인정 신청자 명단 확인 안내(12/14),12.12.12,251,
[전체] 2012학년도 동기 계절학기 추가 납부기간 안내,12.12.03,153,
[컴공] 동기 계절학기 수학1  수학2 분반 안내,12.11.16,248,
[2학년] 2013년도 1학기 전문교양교과목 수강신청 희망교과목 조사(11월18일까지),12.11.16,335,
2013년 2월 졸업예정자 졸업예비사정 결과 확인 안내 (10월19일까지),12.10.18,514,
[컴공] 수학1  수학2 계절학기 신청 수요 조사 (10월 22일까지),12.10.16,527,
[4학년] 2012학년도 전기 예비졸업사정 안내 (10월 17일까지),12.10.11,496,
[4학년] 조기졸업 신청 안내,12.10.10,471,
[전체] 2012학년도 동기 계절학기 운영 안내,12.09.27,640,
[전체] 2012학년도 제2학기 수강신청 취소 안내,12.09.25,478,
[대학원]2013학년도 전기 1차 모집요강 안내,12.09.12,439,
[4학년] 인증 포기시 국어작문관련 교과목 수강 필수,12.09.11,368,
[전체] 선형대수 폐지재이수 처리,12.09.04,576,
[인증] 선수과목 이수하지 않고 후수과목 수강신청 할 경우,12.09.04,1139,
[인증] 선수과목 이수하지 않고 후수과목 수강신청 할 경우,12.09.04,1140,
[전체] 인증 졸업기준 변경 안내 -토익 성적 추가,12.08.31,516,
[전학년] 화상 교과목(공학커뮤니케이션) 강의 소개-가산점지급,12.08.30,339,
[1학년] 공학커뮤니케이션 분반 안내,12.08.30,329,
[4학년] 2012년 8월 졸업생 명단 확인 안내,12.08.17,334,
[인증교양] 공학커뮤니케이션  공학도를 위한 세계 문화  공학윤리 수강 신청 안내,12.08.08,273,
[1학년  복학생]인증 교양 과목 수강신청 안내,12.08.07,304,
[1학년] 예술과 삶 수강 신청 안내,12.08.06,263,
[1학년] 음악의 이해  미술의 이해  예술과 삶,12.08.06,287,
[-][인증과목] 수강신청 미 신청자 수강 신청 일자 안내(3~7일 까지),12.08.02,425,
[*][2 3 4학년]컴퓨터프로그래밍 1 04반으로 수강 신청 하세요.,12.08.01,332,
[1학년] 미술의 이해  음악의 이해  예술과 삶 수강 신청 분반 수정 안내,12.08.01,366,
[전학년] 화상 교과목 강의 소개,12.08.01,377,
소프트웨어 설계 04반 수강 신청 안내,12.08.01,308,
[1학년] 공학커뮤니케이션 수강 신청 안내,12.07.27,294,
[1학년] 교양과목 음악의 이해  미술의 이해  예술과 삶 수강 신청 초기화 안내,12.07.26,339,
[전학년] 컴퓨터 프로그래밍 1 수강시 유의사항,12.07.25,504,
[4 학년] 2011학년도 후기 졸업 본 사정 결과 안내,12.07.24,319,
[4학년] 졸업 연기 안내,12.07.24,288,
[전학년] 2012학년도 제2학기 수강신청 안내,12.07.23,796,
[공학인증] 교양교과목 분반 수강 신청 안내,12.07.20,746,
[입시]2012학년도 2학기 재입학 시행 안내(지원 7.2~7.4),12.06.14,209,
2012학년도 2학기 하기 계절하기 수강신청 취소 안내,12.06.05,250,
[4학년] 2011학년도 후기 졸업예비사정 결과 졸업학점 불합격자 안내,12.05.15,289,
[4학년] 7학기 이상 등록자 졸업예비사정 결과 확인 안내 (5월9일까지),12.05.03,325,
[전체]2012학년도 하기 계절학기 수강신청 안내 (5/14~5/16),12.04.27,434,
[1학년] 교재 Part 2_기초물리학1,12.04.26,265,
[4학년] 2012년 8월 졸업 탈락자 확인 안내,12.04.20,462,
[신입생] 2학기 수강신청 과목 조사 (4월 18일까지),12.04.12,567,
[컴공] 2012년 8월 졸업대상자 안내,12.04.10,353,
[4학년] 조기졸업신청 안내(4월12일까지),12.04.10,262,
[오픈랩(4/6)]휴강과목 안내 및 출석처리에 대한 안내,12.04.05,375,
[대학원 오픈랩] 선배에게 묻는다,12.04.04,393,
[전체] 수강신청 취소 확인 안내 (4월5일),12.04.03,295,
[컴퓨터공학과 오픈랩 행사 안내-4월6일(금)3 4학년,12.03.28,425,
[전체] 2012학년도 하기 계절학기 운영계획 안내,12.03.26,421,
[전체] 2012학년도 제1학기 수강신청 취소 안내 (4월2일까지),12.03.26,278,
[1학년] 2012학년도 1학기 보충강의 대상자 통보,12.03.21,322,
[4학년] 7개학기 이수 지도 실시 안내 (3월 30일까지),12.03.20,345,
[1학년] 2012학년도 1학기 기초학력 진단평가 실시 안내,12.03.07,329,
[4학년] 화상교과목 수강신청 (장학금가산점부여) 안내,12.02.29,366,
[전체] 2012학년도 제1학기 이수구분 정정 기간 안내 (3월12일~3월23일까지),12.02.27,418,
[신입생-필독] 수강신청 확인 안내,12.02.23,463,
[전체] 영어능력학점 인정 신청 안내 (12월14일까지),12.02.22,1493,
[서울어코드]2012학년도 제1학기 학부생 학습도우미(튜터) 선발 안내,12.02.22,469,
[4학년] 내장형소프트웨어 분반 확정 안내,12.02.20,329,
[3 4학년] 프로그래밍언어론 분반 확정 안내,12.02.16,433,
[서울어코드] “C 실무 프로그래밍” 수강신청 안내,12.02.15,450,
[4학년] 내장형소프트웨어 재조사,12.02.09,400,
[4학년] 컴퓨터네트워크설계 분반 의사 조사,12.02.09,373,
[전체] 화상교과목 수강신청 안내,12.02.08,363,
[전체] 2012년도 1학기 수강신청 여석조정 안내,12.02.02,694,
[인증] 1학년 교과목 재이수 안내,12.02.01,468,
[3학년] 고급프로그래밍설계 02반 수강신청 관련 - 재공지,12.01.31,427,
[인증-필독] 수강신청시 교과목이수체계도 확인 및 수강능력평가서 제출 안내,12.01.31,586,
[전체] 수강신청 기간 및 방법 안내,12.01.31,685,
[인증] 수강신청 기간 안내(2월1일~2월2일),12.01.30,580,
