2020학년도 졸업앨범 촬영 공지 (신청: 2020.6.7.(일)까지 문자로),20.06.04,47,
충남대 일반대학원 바이오AI융합학과 모집 안내 (기간: ~6.9.(화)까지),20.06.03,88,
[장학] 2020학년도 1학기 코로나19 장학금 지원 계획 및 신청 안내 (신청기간: 2020.5.26.~6.10.(수)),20.05.22,190,
드론자격증취득지원 - 2020 초경량비행장치(드론) 조종자 무료자격증취득교육 참가자 모집,20.06.05,34,
TOPCIT 특별평가 응시 접수자 확인,20.06.04,64,
[장학] 2020년 OK배·정 장학재단 생활장학생(학부  대학원) 선발 안내,20.06.02,71,
[DB소사이어티] 엔코아의 빅데이터 인공지능 교육과정 신청 안내(모집마감: 2020.6.5.까지),20.05.28,233,
[3 4학년대상] 제12회 TOPCIT 정기평가 응시신청 안내 (학과 단체접수:5.31.(일) 까지  시험일 6.20.(토) 09:30~12:00),20.05.27,365,
2019-2학기 성적경고자 제출 서류 안내 (5.28.(목) 정오까지),20.05.22,122,
2020학년도 2학기 국가장학금 1차 신청 안내 (신청기한: ~~ 6.18.(목) 18시까지),20.05.20,141,
[5.20.수정](SW사업) 2020 상반기 DevDay(온라인 코딩테스트) 참가 안내 (신청기간: 5.19.~5.27.(수) 14:00까지),20.05.19,1108,
2020학년도 제1학기 등록금 미납자 추가납부(최종) 안내 (납부의사 회신: 5.21.(목) 정오까지),20.05.19,66,
「2020년 상반기 익산시 대학생 학자금 대출이자 지원사업」안내 (신청기간: ~6.17.(수) 18:00),20.05.19,31,
2020학년도 국가교육근로장학사업 하계방학 집중근로 희망근로기관 신청 안내 (신청: 5.21.~5.29.),20.05.18,148,
[장학] 2020학년도 천정재단 신규 장학생 선발 안내,20.05.14,214,
[장학] _긴급_ 코로나19 관련 장학금 지원 대상자 수요 조사 (기한: 2020.5.15.(금) 오전 11:00까지),20.05.14,347,
[전학년 재학생 꼭!!] [SW중심대학] ZOOM을 이용한 온라인특강 및 1:1 실습멘토링 설문조사 안내(~5/15까지),20.05.11,586,
[WISET사업] 여성과학기술인 창업교육 (모집기간: ~~2020.5.15.(금)까지),20.05.08,154,
[학자금대출이자] 「2020년 상반기 통영시 대학생 학자금 대출이자 지원 사업」 안내 (기간: ~6.15.(월)까지),20.05.07,50,
[학자금대출] 「2020년 상반기 전주시 대학생 학자금 대출이자 지원 사업」 안내 (기간: 2020.5.1.~6.15.(월)까지),20.05.07,36,
[장학] 2020학년도 1학기 국가장학금 2차 신청 재학생 구제신청서 제출 안내,20.05.07,109,
[장학-여학생] 2020학년도 우양재단 신규 장학생 선발 안내 (기한: ~2020.5.15.(금)까지),20.05.07,99,
[장학] 2020년 푸른등대 삼성기부장학금 신규장학생 선발 안내 (신청기한: ~2020.5.14.(목) 18:00까지),20.05.07,113,
2020 상반기 글로벌인재양성 해외파견 프로그램 학생 모집 안내 (서류접수: 2020.5.3.(일)~5.4.(월) 15:00까지),20.05.01,273,
[ZOOM화상특강] 스마트팜사업단 지원 취업특강-상반기 취업트랜드&NSC기반 자기소개서 작성 (신청기한: 2020.5.1.(금) 18시까지),20.04.29,206,
[공모전] 2020 빅데이터 분석 및 아이디어 공모전,20.04.28,280,
[대학원연구실 참여 학부4학년 모집] 이동네트워크 연구실 (모집기간: ~5.6.(수) 18:00까지),20.04.24,304,
한국정부기술연구원 KITRI에서 진행하는 보안전문인력 양성 프로그램 Best of the Best 9기 모집,20.04.24,228,
[장학] 2020학년도 현대차정몽구재단 미래산업 인재(학부  대학원) 장학생 선발 안내,20.04.24,157,
[대학원연구실 학부생 모임 모집] 정보보호 연구실 & 시스템 보안 연구실 (신청기간: ~4.24.(금) 18:00까지),20.04.17,622,
[장학] 2020년 한국장학재단 대통령과학장학금 3학년 신규장학생 선발 안내 (2020.4.22.~5.6.(수) 15:00까지),20.04.16,267,
[등록금] 재택수업 연장에 따른 2020학년도 1학기 국가장학금 반환 기준 재안내,20.04.16,296,
[장학] 푸른등대 긴급지원(코로나19) 기부장학금 신규장학생 선발 안내 (~2020.4.27.(월) 18시까지),20.04.16,153,
[장학] '20년 국가우수장학금(이공계) 수시우수유형 장학생 추천대상자 온라인 신청 안내 (포기경우: 4.16.까지  신청경우:4.17.(금)까지),20.04.14,263,
SK텔레콤 AI Fellowship 2기 선발(~4월23일 18시까지),20.04.13,345,
[튜터] "신청 마감" 영재교육원 학부생 튜터 모집,20.04.10,413,
[스마트팜사업] 취창업 동아리 참가신청 안내 (신청기한: 2020.4.8.~4.24.),20.04.09,184,
[장학] 2020학년도 (재)인천인재육성재단 코로나19 특별장학생 선발 안내,20.04.02,238,
[장학] 2020학년도 세아해암학술장학재단 신규 장학생 선발 안내 (신청기간: 4.13.~4.17.),20.04.01,244,
[등록금] 2020-1학기 등록금 추가 납부(2차) 안내,20.03.23,231,
[장학] '20. 1학기 중소기업취업연계 장학사업(희망사다리Ⅰ) 신규장학생 신청 안내,20.03.17,272,
성적경고자 심리지원 프로그램 운영 연장 안내 (2020.3.16.~3.17.(화) 24:00),20.03.17,158,
[장학][학교추천] 2020년도 계룡장학재단 장학생 선발 사전 신청 (3.18.(수) 18시까지 학과로 이메일),20.03.13,312,
[WISET] 정보보안 강사 양성 교육과정 참여 온라인 교육생 모집 홍보 협조 요청의 건(정보보안 진로탐색) ~~4.8.(수) 18시까지,20.03.11,300,
[신입생 장학] 2020년 한국장학재단 대통령과학장학금 학생 신청 및 선발 안내 (신청기간: 3.16.(월)~3.30.(월) 24시까지),20.03.11,249,
[학생회] 신입생 및 재학생 대상 과잠 신청 안내 (신청기간: 2020.3.9.(월)~3.13.(금)까지),20.03.11,302,
[장학] 2020학년도 1학기 한국선원복지고용센터 장학생 선발 안내 (~2020.4.10.까지,20.03.10,231,
[장학][학교추천] 2020학년도 1학기 퍼시스목훈재단 장학생 추천 사전 신청 (3.13.(금) 정오까지),20.03.09,245,
[장학][학교추천] 2020년도 하림장학재단 신규 장학생 학과 신청 (학과신청 기한: 3.5.(목)17시까지 엄수),20.03.04,332,
학생증 신청 안내,20.03.02,705,
2020학년도 컴퓨터융합학부 신입생을 위한 학생회 및 동아리 소개,20.03.02,824,
(한국SW산업협회) 2020 SW 스타트업 창업 챌린지 공모전,20.02.25,493,
2020-1학기 컴퓨터융합학부 사무실 근무할 "국가근로"장학생 신청 안내 (신청기한: 2020.2.20.(목)까지),20.02.19,751,
[초청강연 2020.2.18.(화) 11:00~] "On-device AI " 삼성리서치 / 뉴욕대학교 김재덕 박사,20.02.13,423,
[초청강연 2020.2.17.(월) 11:00~] "Graphical Cybersecurity Modeling and Analysis",20.02.13,330,
[!!! 기한 수정][장학] 2020학년도 1학기 백마장학회 장학생 선발 안내 (기한: 2020.2.13.(목) 정오까지),20.02.07,832,
[특강안내] 스위트프를 이용한 아이폰 앱 개발 시작하기 (특강일 2.3.~2.4.   2.5.~2.6.) (2),20.01.23,859,
[대상자 별도안내함] 2020학년도 제1학기 국가우수장학금(이공계) 계속장학생 중간평가대상자 장학금 신청 안내,20.01.20,618,
[교육] 정보과학회 데이터베이스 소사이어티 주관으로 기계학습  빅데이터 겨울 교육,20.01.20,491,
[학석사연계] 2019-2학기 장학금 신청서 제출 안내,20.01.17,382,
[교육안내] 우리학과 이규철 교수님연구실과 KAIST 공동 주관-2020년 상반기 문제 해결형 인공지능 기술개발 교육,20.01.07,733,
인공지능 경진대회 "의료영상 혈액검사 결과 식별 알고리즘 경진대회" 홍보,20.01.03,517,
2020. 1학기 고졸 후학습자 장학금(희망사다리Ⅱ유형) 신규장학생 신청기간 안내 (~2020.1.31.까지),19.12.30,237,
Legal Tech Challenge Korea 행사 안내,19.12.24,451,
[학과추천 장학] 2020학년도 산학협동재단 장학생 선발 안내 및 추천 희망자 학과 신청(기한: 2020.1.2.(목)까지),19.12.24,330,
[급] (공대혁신사업) 2020교외경진대회 학생 참가 지원신청 (신청여부 회신: 12.26.(목) 오후2시까지),19.12.24,336,
[학생생활관] 학과장 추천 신청-2020학년도 제1학기 학생생활관 재학생 입사 선발 안내 (기한엄수: 2020.1.06.(월) 정오까지),19.12.24,279,
2020. 1학기 농어촌희망재단 (농식품인재·농업인자녀·청년창업농육성) 장학생 선발 추가 안내,19.12.24,155,
[학과추천 장학] 2020학년도 한국지도자육성장학재단 신규 장학생 추천 학과 신청 (기한: 12.24.(화)까지 엄수),19.12.19,438,
[장학] 2020년도 제11회 (재)행복영도장학생 선발 안내 (기한: 2020.1.3.까지),19.12.19,357,
[2019.12.24.수정 게시] 2020년 상반기 ICT학점연계프로젝트인턴십 사업 안내,19.12.19,358,
[스마트팜 사업] 2020년 상반기 농식품 분야 해외 인턴십 모집 (기한: ~2019.12.29.(일)까지),19.12.19,242,
2020년도 제11회 (재)행복영도장학생 선발 안내 (~2020.1.3.(금) 18:00까지),19.12.19,126,
[장학] 2020학년도 제1학기 농어촌희망재단 장학생 선발 안내 (~2020.1.7.(화)까지),19.12.19,136,
2020학년도 1학기 국가장학금 1차 신청기간 재안내 (~2019.12.17.(화) 18시까지),19.12.16,292,
[장학] 2020년 건설근로자 자녀 대학생 (재)협성문화재단 신규 장학생 선발 안내 (기한: 2019.12.23.월~2020.1.13.월),19.12.12,225,
[사전신청 12.13.(금)까지)] 벨기에 다빈치 대학 담당자와의 해외인턴십 설명회 참가 신청 (설명회 12.17.(화) 14:00~),19.12.11,280,
[SW중심대학] 충남권 동계 인턴십 잡페어 참가자 모집,19.12.03,487,
(혁신)글로벌캡스톤 2020 i-CAPS 참여 학생 모집,19.12.02,321,
창의작품경진대회 수상팀 시상금 신청 서류 제출 추가 안내,19.11.25,359,
제9회 창의SW축전 2019 수상자 명단 및 시상금 지급을 위한 제출 서류 안내 (제출기한: 2019.11.29(금)까지),19.11.25,912,
[교육] 산학협력단 "3D 모델링으로 배워보는 디자인권" 교육안내 (교육일시 2019.11.25.(월) 18:30~21:30),19.11.23,164,
2019년 2차 창업마일리지 장학금 홍보 (신청기간: 2019.12.2.~12.13.),19.11.23,217,
[동아리] (혁신사업)2019「전공동아리 활동 지원 사업」추가 지원 안내,19.11.23,223,
[창의SW축전2019] 리플렛 공지,19.11.21,301,
[창의SW축전2019] 컴퓨터공학과 선배들과의 만남 참석 안내 및 사전 질문 조사 요청 (2019.11.22.(금) 14:00~16:00),19.11.21,298,
[창의작품경진대회2019] 참가자 명단 확인 및 준비 안내 (오리엔테이션 및 대회장 준비 11.21.(목) 오후5시~6시),19.11.19,565,
[국가교육근로] 2019학년도 국가교육근로장학사업 동계방학 집중근로 희망근로기관 신청 안내,19.11.19,234,
[진로/취업] [인재개발원] 2019년 11월~12월 진로 및 취업프로그램 안내,19.11.19,447,
[DevDay2019] 참가자용 설문 요청 (기한: ~2019.11.21.(목) 자정까지),19.11.18,160,
2019년 동계 대학생 재능봉사「푸른등대 NH농협 대학생 재능봉사 캠프」멘토 모집 안내,19.11.18,207,
[장학] 2020학년도 제1학기 1차 국가근로장학사업 학생 신청기간 안내 (신청기간: 2019.11.19.(화) 09:00~12.17.(화) 18:00까지),19.11.18,287,
[창의SW축전] DevDay 신청 명단 확인 및 대회 유의사항 (2019.11.14.(금) 17시 현재),19.11.14,431,
(급) 3 4학년은 2019 DevDay 참가 해야만 SW사업단 특별장학금 신청 자격이 됩니다.,19.11.13,488,
권역별 취업연계지원사업(대전드림 및 일석이조) 종료 안내,19.11.13,157,
[특강 안내 : 전력거래소 이사장 초청 특별 강연],19.11.13,144,
[특강] 빅데이터 실무자 특강 참여 신청 안내 (특강일: 2019.11.20.(수) 19:00~21:00),19.11.12,277,
충남대학교「올해의 공대인상」학생부문 수상후보자 추천 및 본인 신청 안내 (기한: 2019.11.18.(월) 18시까지 엄수),19.11.10,372,
[급] 2020년 벨기에 해외 인턴십 학생 선발 안내 (기한: 2019.11.8.(금)까지  2명),19.11.06,425,
2019년 12월중 빠른입영 가능한 육군  공군 추가 모집병 지원 홍보,19.11.06,227,
"DevDay데브데이" 참가신청 연장 안내 (기한: 2019.11.14.(목) 오후5시까지),19.11.06,967,
[장학] 2020년 아산사회복지재단 장학생(재능나눔·나래SOS) 선발 안내,19.11.06,156,
불법 촬영은 물론  동영상 유포(돌려보기)도 처벌 대상입니다,19.11.01,382,
2019년11월 각 군 현역병 모집계획,19.11.01,232,
[취업캠프][충남대 산학협력부] 취업연계 IP지역인재양성사업 'IP 취업교육 연합캠프' 참가 학생 모집 안내 (선착순),19.10.30,162,
[1학년] 2019 창의공학 아이디어 캠프 안내 (신청: ~2019.11.11.(월)까지 학과사무실),19.10.30,261,
[장학] '19. 2학기 고졸 후학습자 장학금(희망사다리Ⅱ유형) 신규장학생 2차 신청안내 (2019.11.1.~11.8. 18시),19.10.30,125,
[스마트팜] 취업특강(국가직무능력표준(NCS) 채용 기초 완성 2019.11.7.(목)  11.15.(금) 14:00~16:00),19.10.28,177,
[행사참여안내] [2019.10.30.(수) 13:00~17:50] e-Bridge 포럼 2019  ETRI 융합기술 연구생산센터,19.10.28,189,
[아르바이트][수정 재공지] e-Bridge 포럼 학술 행사 "진행요원" 모집 (행사:10.30.(수)  모집기한: 10.29.(화)까지),19.10.28,190,
[교직] 2020학년도 중등임용시험 대비 교육학논술 모의고사 및 특강 안내 (특강일: 2019.10.31.(목) 저녁  신청 ~10.31.(목)까지),19.10.24,168,
[BK21플러스 초청강연 2019.10.24.(목) 11:00~] 프랑스의 고등교육시스템과 대학원 연구환경,19.10.23,149,
2019 창의SW축전 "DevDay(코딩테스트)" 사전 안내 (대회일시: 2019.11.16.(토) 오후) (1),19.10.22,438,
2019 창의SW축전 "동아리연합성과발표회" 안내 (자료제출: 2019.11.13.까지  발표:2019.11.22.(금)),19.10.22,383,
(신청링크수정)2019 창의SW축전 "창의작품경진대회" 참가 신청 안내 (신청: 2019.11.4.까지  대회:2019.11.22.(금)),19.10.22,1217,
2019년도 CNU 행복나눔튜터링 튜터 모집 안내 (접수기한: 2019.10.31.(목) 17시까지),19.10.21,242,
[교육] 소프트웨어전문가 이노베이션 아카데미 교육생 모집 설명회 (2019.10.25.(금) 14:00~16:00 정심화 대덕홀),19.10.18,284,
[해외인턴십] 「2020년 1학기 CNU-BC 글로벌 리더십 프로그램」추가모집 안내 (신청기간: ~2019.10.23. 오전 11시까지),19.10.17,184,
[장학] 2020학년도 일주학술문화재단 국내학사 장학생 선발 안내 (기한: ~2019.10.31.(목)까지),19.10.16,155,
[장학 1학년] 2019-2학기 유하푸른재단 신규장학생 신청 안내 (서류제출 기한: 2019.10.17.(목)18시까지),19.10.14,175,
[ADMIN특강] 2019.10.23.(수) 19시~ 충남대 컴공을 위한 Docker 실무 특강 (강연자 SK C&C 정석하  ADMIN 2017회장),19.10.11,289,
[학생지원] [공대혁신] 교외 경진대회참가 지원 사업 안내 (지원기간: ~2019.12.20.까지 단. 예산소진시까지),19.10.11,363,
[학자금] 「2019년 대전시 대학생 학자금 대출이자 지원사업」 안내,19.10.11,132,
[국가근로] 2019. 2학기 국가근로 권역별 취업연계(대전드림_일석이조) 장학생 선발 안내,19.10.11,155,
[학자금] 2019년 하반기 성남시 대학생 학자금 대출이자 지원사업,19.10.11,89,
[장학] '19. 2학기 중소기업취업연계 장학사업(희망사다리Ⅰ) 신규장학생 신청 기간 연장 안내 (~2019.10.16.(수)18시까지),19.10.11,110,
[대회] 기초교양교육원 제3회 프레젠테이션 경진대회 안내 (참가서류제출: ~2019.10.25.(금)까지),19.10.11,90,
[장학] 2019학년도 2학기 국가장학금 2차 신청 재학생 구제신청서 제출 안내 (~2019.11.19.(화)24시까지),19.10.08,133,
[장학] 2019. 하반기 인천인재육성재단 장학생 선발 안내,19.10.02,151,
대학원생 지원제도 설명회 개최 안내 - 2019. 10. 8.(화) 11:40~,19.10.01,191,
[장학] 2019. 하반기 (재)충청남도인재육성재단 장학생 선발 (접수: 2019.10.1.~10.18.(금) 18시까지),19.09.27,208,
[학자금] 2019년 하반기 김제시 대학생 학자금 대출이자 지원사업 안내 (2019.10.1.~10.31.),19.09.27,102,
[장학] 2019년도 하반기 (재)충청남도인재육성재단 희망드림 장학생 선발 안내 (~2019.10.11.(금) 18시 까지),19.09.27,142,
[장학] 2019년 수성인재장학생 선발 안내 (공대학장 추천서 필요 경우  10.8(화)까지 학과로 연락 후  서류 제출)),19.09.27,118,
[국제교류본부] 2019 하반기 글로벌인재양성 해외파견프로그램 학생 모집 (서류접수:9.30.~10.01.(화)15시까지),19.09.27,175,
[외국인학생] 헬로 케이(Hello  K!) 행사 개최에 따른 참석 신청 (기한: 2019.10.1.(화)까지),19.09.27,109,
[공모전] [대전정보문화산업진흥원] 2019년 ICT융합 아이디어 공모전 안내 (접수: 2019.10.1.~10.10.(목) 18시까지),19.09.27,158,
2020학년도 대학원 1차전형 신입생 모집 안내,19.09.25,213,
급!![학교추천 장학] 2019. 2학기 (재)KT그룹희망나눔재단 미래창조인재 신규 장학생 신청 9.24.(화) 정오까지),19.09.23,248,
[우리학과&SW사업단] ICT/SW 취업박람회 (행사: 2019.9.26.(목) 오후3시~6시  사전신청: 9.25.(수) 정오까지),19.09.20,482,
급!! [장학-학과추천] 2019년 대전광역시 서구 인재육성장학재단 장학생 신청 안내 (기한: ~2019.9.20.(금)18시까지),19.09.19,325,
[장학] '19. 2학기 중소기업취업연계 장학사업(희망사다리Ⅰ) 신규장학생 신청 안내 (기한: ~2019.9.27.금 18시까지),19.09.19,165,
[장학] 2019년 하반기 달서인재육성장학재단 장학생 선발 안내 (접수기간: 2019.9.23.~10.4.(일) 18시까지),19.09.19,121,
[장학] 2020년 (재)앨트웰민초장학재단 제20기 장학생 선발 안내 (신청기한: ~2019.9.30.(월)까지),19.09.19,121,
[장학] '19. 2학기 고졸 후학습자 장학금(희망사다리Ⅱ유형) 신규장학생 신청 "연장" 안내 (기한: ~2019.10.16.(수) 18시),19.09.19,99,
[자기소개서 컨설팅] [2019 공대 엔지니어링 페어] 참여 신청 안내 (행사일: 9.26(목)  신청: 9.23.(월)까지),19.09.17,214,
[자격증교육] [스마트팜] SW코딩자격취득 교육생 모집 (기한: 2019.9.27.(금) 18시까지),19.09.17,220,
[아르바이트] 학술행사 진행요원 (행사일: 9.20.(금) 하루 또는 오후  신청기한: 9.18.(수) 정오까지),19.09.17,149,
[장학] (교내장학) 2019-2학기 외국어성적우수 장학금 추가 신청 안내 (기한: 2019.10.10.(목) 17시까지),19.09.17,153,
[장학] 공고문 및 서식 hwp파일-2019년 세종특별자치시인재육성평생교육진흥원 성적우수·모범 장학생 선발 (~2019.9.20.까지),19.09.11,240,
[도우미모집] [SW중심대학] 2019 유성구청 청소년나Be한마당 체험부스 운영 도우미 학생 모집 (9.16(월)까지 신청),19.09.10,389,
[교과목 튜터] 컴파일러개론 튜터를 모집합니다. (기한: 2019.9.11.(수) 18시까지) (1),19.09.09,231,
[학과대회] 2019 Collathon(콜라톤) 참가 안내 (신청 접수: ~~2019.10.2.(수)까지),19.09.09,236,
[튜터 구함] 신청마감^^;;;;;-2019-2 CRT(CNU Restart Tutoring) 프로그램 튜터 구함(2019.9.10.(화)까지),19.09.09,306,
[등록금] 2019학년도 제2학기 등록금 미납자 추가납부 안내 (기간: 2019.9.10(화) 09시 ~ 9.11.수 23:00),19.09.09,127,
[장학] 마감임박!! 2019학년도 2학기 국가장학금 2차 신청 및 가구원 정보제공 동의(내일 9.10.(화) 18시까지),19.09.09,141,
[대회] 한국전력공사와 한국인터넷진흥원 공동 주관 경진대회 (접수기한: ~2019.9.25.(수) 14:00까지),19.09.04,250,
[3 4학년대상] 제12회 TOPCIT 정기평가 응시신청 안내 (학과 단체접수:9.16.(월)~9.18.(수) 오후6시 까지  시험일 10.19.(토) 09:30~12:00),19.09.04,377,
[세미나] 한국인터넷진흥원 핀테크 순회 세미나 참석 안내 및 신청 (2019.9.17.(화) 14:00~17:00),19.09.03,168,
[경시대회 학과지원] 제19회 한국 대학생 프로그래밍 경시대회 참가 안내 (학과신청: 2019.9.9.(월)까지),19.09.03,372,
2019년도 2학기 삼성드림클래스 주중·주말교실 대학생멘토 추가선발 안내,19.08.29,335,
[3 4학년] [전체학년] [TOPCIT] 컴퓨터공학과 TOPCIT (ICT 역량지수) 대학순회 설명회 참석 안내 (2019.9.2.(월) 18:40~ 1시간  공5410호),19.08.28,311,
[대회] 중앙대학교 인문콘텐츠연구소 제2회 크리에이티브 미디어 공모전 (접수기한: 2019.9.15.(일) 17시까지),19.08.26,175,
[대회] 중앙대학교 인문콘텐츠연구소 제2회 인공지능인문학 대학생 학술논문 경연대회 (접수기한: 2019.9.15.(일) 17시까지),19.08.26,161,
[장학] 2019학년도 2학기 국가장학금 2차 신청일정 및 주요 제도 개편사항 안내,19.08.23,202,
[장학] 2019년도 (재)포항시장학회 장학생 선발 안내 (인터넷접수: 2019.9.9.(월) 18시까지),19.08.21,140,
[졸업식] 충남대학교 2018년도 후기(2019년8월) 학위수여식 행사 세부계획(안),19.08.20,186,
[근로] 2019. 2학기 2차 국가근로장학금 학생 신청기간 안내(2019.8.20.~9.5.(목) 18시까지),19.08.20,215,
국립대육성사업 지역특화산업 선도 실무역량강화 프로그램 지원(신청기한: ~2019.9.6.까지),19.08.16,306,
[근로] 2019학년도 제2학기 1차 국가근로장학사업 희망근로기관 신청 안내(2019.8.14.~8.20.),19.08.16,177,
2019년도 「어깨동무 입학 후 프로젝트」 참가자 모집 안내(2차) (접수기간: 2019.8.7.~8.20. 18:00까지),19.08.13,240,
[국가근로] 2019. 2학기 2차 국가근로장학금 학생 신청기간 안내 (2019.8.20.~9.5.(목) 18시까지),19.08.13,165,
[장학] 2019학년도 2학기 백마장학회 장학생 선발 안내 (신청기한: 2019.8.18.까지),19.08.13,214,
[종료]2019년도 2학기 컴퓨터공학과 사무실 근무 할 근로장학생 선발 안내,19.08.12,297,
2019-2학기 컴퓨터공학과 사무실 근무할 "국가근로"장학생 신청 안내 (신청기한: 2019.8.16(금)까지),19.08.12,202,
[졸업식] 2018후기 졸업대상자 졸업 가운 대여 안내(신청및입금: 8.21.(수)까지) 및 졸업식 안내(정심화홀 8.23.(금) 14:00) (16),19.08.12,317,
2019학년도 제2학기 국가근로장학생(장애대학생 봉사유형) 신청 안내 (기한: 2019.8.9.(금) 오전9시까지),19.08.07,352,
[대전정보문화산업진흥원] 제6회 대한민국 SW융합 해커톤 대회 안내,19.08.07,216,
[2019.8.8.(목)~8.9.(금)] "시간수정 및 강사 안내" [사이버보안연구실] 최신 이동통신 기술 세미나 공지,19.08.06,294,
컨트리뷰톤 2019 참가 신청 마감 (기한: ~2019.8.25.까지),19.08.06,339,
2019년 장애학생지원센터 서포터즈 모집 안내 (신청기간: ~2019.8.14. 17시까지),19.08.06,132,
[자료] 학교현장_재난유형별_교육훈련_매뉴얼(_19.7),19.08.06,100,
2019년 하반기 한국장학재단 지역센터 입주생 모집 안내 (신청기간: ~2019.8.9.(금) 18시까지),19.08.06,131,
2019년도 학업UP상상튜터링 모집 안내 (접수기간: ~2019.8.21.(수) 17시),19.08.05,202,
[아르바이트] 웹 퍼블리싱  개발  자료 작성 (기간:2019.8.19.~12.18.  4개월) 신청기한: 가능한 8.9.(금)까지),19.08.02,400,
2019년 2학기 푸른등대 기부장학사업 신규장학생 선발 안내 (신청기간: 2019.7.26.(금)~8.13.(화) 18시까지),19.07.30,234,
[농업연계 스마트팜사업] 2019.8.29.~8.30.(1박2일) 취창업캠프 참가자 모집 (신청기한: ~2019.8.5.(월) 18시까지),19.07.30,193,
[농업연계 스마트팜사업] 2019.8.23. 현장견학 참가자 모집 (신청기한: ~2019.8.5.(월) 18시까지),19.07.30,147,
2019 공과대학 대학혁신지원사업 「교외 경진대회 참가 지원 사업」 안내 (기한: 2019.12.06. 예산 소진 시 까지),19.07.30,276,
[4학년] [인턴직원 채용] (주)미소정보기술 (접수기간: 2019.7.24.(수)~8.8.(목) 18:00까지),19.07.23,316,
2019 하반기 한미 대학생 연수(WEST) 참가자 모집 (기한: 2019.8.8.(목) 17:00까지),19.07.18,312,
[SW중심대학] 인프런 동영상 강의 수강 지원 안내,19.07.16,582,
[아르바이트] [라치텍] Unity VR 어플리케이션 개발 1개월 (모집기한 2019.7.26.(금)까지),19.07.12,288,
제4회 부산 ICT융합 해카톤 대회 (모집기간 ~2019.7.19.(금) 18시까지),19.07.10,203,
[장학] 2019년 대정장학재단 장학생 선발 안내 (접수기한 ~2019.7.23.(화)),19.07.09,186,
[장학] 2019년 정읍시민장학재단 장학생 선발 안내 (기한 2019.7.15.(월)까지),19.07.09,118,
[대회] NAVER D2 CAMPUS FEST mini 2019 (신청기한 ~2019.7.31.(수) 2359까지),19.07.04,266,
[학자금] 2019년 하반기 「제주특별자치도 대학생 학자금 대출이자 지원사업」 안내 (신청 2019.7.3.~9.27.),19.07.04,104,
2019 NAVER 대학생 재무 캠프 (마감임박 ~7월7일(일)),19.07.04,184,
삼성전자 주니어 소프트웨어 창작대회 전문가 멘토 모집 안내 (모집 ~7.12.(금) 1700까지),19.07.04,146,
2019학년도 2학기 등록금 납부 일정 및 안내,19.07.03,133,
★★★학생의 휴가신청 안내 (휴가신청하여 공문으로 승인받아야  출석부에 인정받음)★★★,19.07.01,100,
[대회] 네이버 D2 CAMPUS FEST mini 썸머챌린지 참가팀(개인포함) 모집 (제출기한2019.7.1.~7.31.),19.07.01,196,
[학습동아리] 2019학년도 CNU 학습동아리 모집 안내 (접수기간 2019.7.5.(금) 17시까지),19.06.28,179,
2019년도 2학기 삼성드림클래스 주중·주말교실 대학생멘토 추가선발 안내 (접수기간: 6.27.(목) 14:00~7.1.(월) 10:00),19.06.28,169,
[학교추천장학] 2019학년도 제2학기 롯데장학재단 신규장학생 신청 안내 (학과신청기한 ~2019.7.8.(월) 18시까지),19.06.26,194,
[학부연구생 모집] 프로그래밍언어 및 시스템 연구실(조은선교수님 연구실) 학부연구생 모집 공고,19.06.25,264,
[2019.6.28.(금) 오후4시][학과장님 주최] 입사 면접을 위한 특강 (조성돈 한화시스템 영업본부장),19.06.25,164,
[전학년] 2019 CNU대학생활조사 실시 협조 요청 (조사기간 2019.6.24.(월)~7.12.(금)),19.06.24,93,
[교육] [한전클러스터] `19년 하절기 문제 해결형 인공지능 기술개발 교육 안내 (대전) (교육전까지  교육당 선착순 50명),19.06.20,262,
[장학] 2019학년도 2학기 충남대학교 총동창회장학재단 장학생 선발 안내 (접수기간 2019.7.18.(목)~7.26.(금)),19.06.19,172,
[경진대회] 2019 통계빅데이터 자료분석.활용대회 (대회2019.6.3.~8.2.  신청기한: 2019.6.28.(금)까지),19.06.18,247,
[SW중심대학] 제1회 Bottom Up 프로젝트 경진대회 계획서 제출 안내 (기한 ~6.24.(월) 16시 마감),19.06.14,205,
[외부특강] 2019년 삼성SDS 하계 대학생 알고리즘 특강 안내 (접수기한 ~2019.6.21.(금)까지),19.06.14,255,
[인턴] 전자현미경연구부 전자현미경 장비개발 보조 인턴직원 채용 공고 (접수: 2019.6.14.~6.23.(일) 18시),19.06.13,148,
[백마인턴십] 2019 하계 스마트팜 융복합사업단 지원 인턴십 학생 서류 제출 안내 (기한2019.6.24.(월)까지),19.06.13,191,
[경진대회] 취업연계 IP지역인재양성사업 2019 대전지역 특허전략경진대회 안내,19.06.13,121,
[SW중심대학] 모각코 동아리 신청 안내 (접수기한 2019.6.18.(화) 1600까지),19.06.12,194,
[SW중심대학] 모각코 동아리 신청 안내 (접수기한 2019.6.18.(화) 1600까지),19.06.12,172,
[학자금] 2019년 상반기 영주시 대학생 학자금 대출이자 지원사업 안내 (신청기간 2019.6.11.~7.11.(목) 18시),19.06.12,83,
[재입학-학부] 2019학년도 2학기 재입학 시행계획 및 모집요강 안내 (접수 2019.7.1.~7.5.(금) 18시 엄수),19.06.11,102,
[6.19.(수)~21.(금)] 자료구조 특강 참석 안내 (2019.6.19.(수)~6.21.(금) 18:00~22:00),19.06.10,201,
[2019.6.11.(화)오전1000] 2019 재단법인 주심장학재단 신규 장학생 신청,19.06.10,136,
[2019.6.17.(월) 오후3시] 우리학과 윤청 교수님의 정년퇴임 기념강연 참석 안내,19.06.05,209,
학생생활관 입사를 위한 학과장 추천 안내 (기한 2019.6.11.(화) 18시까지),19.06.03,154,
2019학년도 제2학기 학생생활관 재학생 입사 선발 안내 (신청기간: 2019.6.3.~6.16.(일) 24:00까지  학과추천희망자: 6.11.(화)까지),19.05.29,180,
2019년도 창업동아리 모집 안내 (신청기간: ~2019.6.5. 까지),19.05.29,92,
ETRI 하계 연구연수생 공고 (지원서 접수: ‘19.05.27. ~ 06.10.(18:00까지),19.05.28,158,
[학자금] 2019년 상반기 천안시 대학생 「학자금 대출이자 지원사업」 안내 (신청기간: 6.14.~6.28.),19.05.23,97,
[학자금] 2019년 1학기 「목포시 대학생 학자금 대출이자 지원사업」안내 (신청기간: 5.20.~6.19.),19.05.23,82,
인디애나 주립대학 유학 프로그램 설명회 홍보 (신청기한: 2019.5.31.(금)까지),19.05.23,167,
[설문조사] 2~4학년 SW사업단 만족도 조사 요청 : 5.31(금)까지,19.05.22,106,
[5.24.(금) 18시까지 신청] 스마트팜 분야 취창업동아리 모집 (5인 1팀  활동기간: 2019.6.1.~11.30.),19.05.21,133,
[5.24.(금) 18시까지 신청] 스마트팜 - 현장견학 안내 (견학일: 2019.5.31.(금) 10:00~18:00),19.05.21,119,
2019년도 삼성드림클래스 주중·주말교실 대학생멘토 추가선발 안내 (2019.5.22.~5.29.(수)10:00까지),19.05.21,213,
[교직] 2020학년도 중등임용시험 대비 교육학논술 모의고사 및 특강 안내 (특강일:5.23.(목) 18:30~  신청: 5.16.(목)~5.22.(수)까지),19.05.16,110,
[2019.5.24.(금) 17시) 선배초청 특강 "IT서비스 회사(네이버)에서의 개발 직군 소개 및 취창업 가이드",19.05.14,258,
[동아리 교육안내] 동아리 MOTION 회원 및 비회원 모두 대상- 안드로이드 교육 참여 안내 (2019.5.16.(목)부터),19.05.14,205,
[학과 경진대회] (수정 및 Q&A) SW중심대학사업단 주관 "제1회 Bottom Up 경진대회" 신청 안내 (기한: ~5.24.(금) 16시 마감),19.05.13,580,
[학자금] 2019년 상반기「군산시 대학생 학자금 대출이자 지원사업」안내 (신청기간: 5.10.~6.14.(금) 18시까지),19.05.13,88,
2019학년도 국가근로장학사업 하계방학 집중근로 희망근로기관 신청 안내 (신청기간: 2019.5.14.~5.22.(수)까지),19.05.13,148,
[1학년 신입생 필수] 2019년 교내 GPS 멘토링 신청 안내 (~2019.5.14.(화) 정오까지),19.05.13,195,
[여학생] 2019년 정보보호 분야 여성과학자를 위한 산학연 소통 DAY (일시: 2019.5.17.(금) 13:30~18:00),19.05.09,142,
[학부연구생 신청] 시스템 구조 및 보안 연구실(김형식 교수님) 학부생 연구생 신청 안내 (학과사무실로 2019.5.13.(월)까지),19.05.09,213,
[1학년 및 편입생  2 3 4학년] 2019년도 컴퓨터공학과 재학생 대상 GPS 참여 신청 안내 (기한: 2019.5.10.(금) 18시 까지),19.05.08,211,
[SW중심대학] 2019년도 SW중심대학 공동 오픈소스 해커톤 참가 신청 안내,19.05.08,213,
[특강 사전 신청] 첨단미래유망기술 스마트팜 진로탐색 및 취업교실 (신청기한: 5.8.(수) 18시까지  특강일시: 5.9.(목) 10:00~12:00 공학5호관507호),19.05.07,138,
[신입생 장학] '19학년도 국가우수장학금(이공계) 수능우수유형 신규 장학생 선발을 위한 학생 신청 안내,19.05.02,147,
2019년 상반기「전주시 대학생 학자금 대출이자 지원사업」안내,19.05.01,94,
[2019 상반기 글로벌인재양성 해외파견 프로그램] 학생 모집,19.05.01,250,
[공모전] 사회취약계층을 위한 대학생 공모전 '배리어프리 앱 개발 콘테스트' (공모기간: ~2019.5.15.(수)- 24:00까지),19.04.26,185,
[자격시험 및 특강] 제18회 지식재산능력시험 신청자 모집,19.04.25,129,
[등록금] 2019학년도 제1학기 등록금 미납자 추가납부(3차) 안내 (오늘 4.24.(수) 23:00까지),19.04.24,94,
[헌혈] 「헌혈의 집」사회봉사기관 참여 중단 안내,19.04.24,143,
[학자금] 2019년 상반기「익산시 대학생 학자금 대출이자 지원사업」안내 (신청기간: 5.1.(수)~6.10.(월) 18:00),19.04.24,85,
[장학] 2019학년도 제1학기 서울희망 대학 장학금 선발 안내 (신청기간: 4.24.(수)~5.3.(금) 17:00까지),19.04.24,107,
[장학-학과추천] 2019년 푸른등대 삼성SOS장학사업 신규장학생 선발 안내 및 추천 (학과신청: 4.30.(화) 18시 엄수),19.04.24,134,
[학자금] 2019년 상반기 통영시 대학생 「학자금대출 이자지원 사업」안내 (2019.5.1.~6.14.),19.04.24,89,
[학자금] 2019년 상반기 인천시 대학생 「학자금대출 이자지원 사업」 안내 (신청:2019.4.29.~6.7.),19.04.24,85,
[카이스트 정재승 교수님 특강 안내 : 5.2(목) 16시 ~ 17시 30분(90분) ],19.04.18,224,
[대학원 세미나] 관심있는 학부생들의 참여 환영합니다. (4월 26일(금) 12시~13시  410호),19.03.25,193,
국가공인 정보통신기술자격시험 홍보,19.04.18,174,
2019년 「파란사다리」사업 참가자 모집 안내 (신청기간: 2019.4.16.(화)~4.26.(금) 18:00),19.04.16,179,
[외부장학] 2019년 육군발전협회 신규장학생 선발 안내 (학과사무실 신청 기한: 5.15.(수) 18시 엄수),19.04.15,152,
[확인요청] 제11회 TOPCIT 정기평가 응시 신청자 명단 (정기평가일: 2019.5.18.(토) 09:30~12:00),19.04.12,193,
2019년 1학기 국가장학금 2차 신청 재학생 구제신청서 제출 안내 (기한: 2019.5.21.(화) 까지),19.04.12,109,
[우리학생 소식] NHN엔터테인먼트 인턴 학생들이 학과 교수님께 드린 메일 함께 보기~,19.04.12,257,
2019학년도 제1학기 국가근로 권역별 취업연계(대전드림_일석이조) 장학생 선발 안내 (학과신청기한: ~2019.4.30.(화)18시까지),19.04.12,164,
[해외연수] 2019학년도 여름방학 영어단기연수 프로그램 참가 학생 모집 안내 (신청기한: 2019.4.16.까지),19.04.10,202,
[외국인 학생] 2019학년도 1학기 한국어 특별반 운영에 따른 수강신청서 제출 (2019.4.9.(화) 오전10시까지),19.04.08,111,
NCS기반  '정보보호관리사 자격검정과정 시행공고NCS기반  '정보보호관리사 자격검정과정 시행공고,19.04.03,176,
[장학] 2019년 인천인재육성재단 장학생 선발 안내 (접수기한: ~2019.4.19.(금)까지),19.04.02,129,
[3 4학년대상] 제11회 TOPCIT 정기평가 응시 안내 (학과 단체접수:연장 4.11.(목) 오후4시 까지  시험일 5.18.(토) 09:30~12:00),19.03.29,424,
[교육프로그램안내] 컴퓨터공학과 전공 동아리가 자율 운영하는 2019학년도 1학기 학습 프로그램 안내,19.03.28,354,
2019학년도 제1학기 등록금 미납자 추가납부(2차) 안내 (오늘 3.27.(수) 23:00까지),19.03.27,90,
[장학] 2019년도 상반기 (재)충청남도인재육성재단 학자금대출상환 장학생 선발 안내,19.03.27,128,
[장학] 2019년 상반기 세종특별자치시 장학생(성적우수  모범  지역혁신인재  희망  공익발전기여) 선발 안내 및 추천(학과제출기한: 4.9.(화)까지 엄수),19.03.26,152,
[대학원 세미나] 관심있는 학부생들의 참여 환영합니다. (3월 29일(금) 12시~13시  410호),19.03.25,175,
★★★학교장 추천서 및 추천서 직인 필요한 경우★★★,19.03.21,243,
[대학원연구실 인턴선발] 4학년 대상 3월 27일까지 신청,19.03.20,471,
[튜터] [우리학과 스마트데이터연구실] 영재교육원 학부생 튜터 모집--선발완료2019.3.21.,19.03.20,248,
<컴퓨터공학과 대학원 정기 세미나(매월 마지막 주 금요일) 안내> - 관심있는 학부생들의 참여도 환영합니다.,19.03.20,911,
[대회] Google Season of Code 안내,19.03.20,305,
[네이버] Date Science Competition 2019 [데이터 과학 페스티벌] (~3/31까지 접수),19.03.19,259,
[WISET] 2019년도 WISET 취업탐색 멘토링 멘티 모집 (신청기한: ~2019.4.8.(월)까지),19.03.18,175,
[SPC] 2019년 제1회 국가공인 소프트웨어자산관리사(C-SAM) 자격시험 안내,19.03.18,151,
[공모전] [NAVER] 대학(원)생 기술창업 공모전 (**05.13 참가 서류접수 마감!),19.03.18,160,
[동아리ARGOS) 해킹시연회 (2019.3.22.(금) 18:00~),19.03.15,222,
2019학년도 1학기 고졸 후학습자 장학금(희망사다리 Ⅱ유형) 2차 신청기간 안내 (신청기한: ~2019.3.29.(금)18시까지),19.03.13,104,
[2019.3.6.(수) 20:30~] (주)LINE 인턴십 채용 설명회,19.03.04,378,
[2019.3.6.(수) 19:30] 초청 특강 "IT 분야 구직을 위한 이력서 작성과 면접 진행 요령",19.03.04,254,
[채용연계 인턴] [LINE] 주3일 인턴(정규직 채용 연계형) 공개채용 안내 (접수기간: 2019.3.4.(월)~3.13.(수) 17시),19.02.28,333,
[졸업식] 2018전기 컴퓨터공학과 학사학위수여식 안내 및 졸업식 참석자 명단 확인 (졸업식:2019.2.25.(월) 10:30~12:00),19.02.21,440,
[미취업자 및 졸업예정자] 2019 상반기 과학기술계 정부출연(연) "4차인재 양성과정" 안내 (신청:2019.2.13.~3.3.),19.02.18,267,
[장학] 2019학년도 울산인재육성재단 상반기 장학생 선발 안내 (신청기간: 2019.2.18.~3.15.),19.02.15,136,
[장학] 2019-1학기 백마장학회 장학생 선발 안내 (신청기한: 2019.2.17.(일) 24시 까지),19.02.15,225,
2019년도 3월부터 근무할 국가근로장학생 선발 안내,19.02.13,326,
[졸업생] 2018전기 컴퓨터공학과 학사학위수여식 안내 및 가운대여 안내 (가운 2.19(화)까지 신청),19.02.11,626,
[신입생] 2019학년도 공과대학 및 컴퓨터융합학부 신입생 오리엔테이션 안내 (2019.2.19.(화) 08:30~18:00),19.02.11,551,
[긴급] [장학] 2019학년도 SK C&C 행복IT장학금 신규장학생 선발 안내 (~2019.2.8.(금)까지 신청),19.02.07,270,
2019학년도 제1학기 국가교육근로장학생(장애대학생 봉사유형) 모집 안내 (모집기간: ~2019.2.13.(수) 17시까지),19.02.01,171,
2019학년도 1학기 초청 교환학생 도우미 선발 홍보 (접수: 201.~2.8.(금)까지),19.02.01,195,
[아르바이트] 학원 1달 아르바이트 학생 구함,19.02.01,428,
[졸업] 2018전기 컴퓨터공학과 학사학위수여식 사전 공지 (학위수여일: 2019.2.25.(월)),19.02.01,255,
[국가근로] 2019학년도 제1학기 2차 국가교육근로 학생신청기간 안내 (~2019.3.6.(수) 18시 까지),19.01.30,184,
[특강] 스위프트를 이용한 아이폰 앱 개발 시작하기,19.01.23,285,
[교직] 2020학년도 교원임용시험 대비 교육학 논술 동영상 강좌 신청 안내,19.01.22,117,
[학생 서포터즈] 긴급-학과추천! 2019 우수기업 초청 교류회 학생 서포터즈 모집(2차) (신청기한: 2019.1.21.(월) 13시까지),19.01.18,249,
[외부장학] 학교추천-2019학년도 용옥장학재단 장학생 선발 및 신청 안내 (학과신청 기한: 2019.1.18.(금)18시까지),19.01.14,182,
2019학년도 제1학기 이인구인재관(고시준비반) (신청기간 : 2019. 1. 21.(월) 10:00 ~ 2019. 1. 25.(금) 24:00),19.01.14,131,
[장학] 2019-1학기 충남대학교 총동창회 장학재단 장학생 선발 안내 (접수기간: 2019.1.23.(수)~1.31.(목) 도착분),19.01.14,204,
[외부장학] 2019학년도 용옥장학재단 장학생 선발 안내 및 추천 요청,19.01.11,140,
[학부생 연구생] 우리학과 분산이동컴퓨팅 연구실(최훈 교수님) 아르바이트 학생 모집-모집종료,19.01.10,260,
[학자금융자] 2019년 제1학기 농어촌출신대학생 학자금융자 시행 안내,19.01.10,91,
[장학] 2019학년도 통영시 저소득 대학생 장학금 지원대상자 선발 안내 (지원기한: 2019.2.8.(금)까지),19.01.10,88,
[KAIST 인력양성 교육 수정 안내] 실기 중심의 인공지능 무료 기술교육 수강 안내 (교육기간 1.14.(월)~1.18.(금)),19.01.09,197,
2019학년도 제1학기 외국인 유학생 튜터제 시행 협조 요청 (모집기간: 2019.1.7.~1.18.),19.01.08,158,
[학부생 연구생] "지원자격수정" - 우리학과 분산이동컴퓨팅 연구실(최훈 교수님) 아르바이트 학생 모집,19.01.08,219,
급!! (프로그래밍 강좌) C언어 프로그래밍 수강생 모집-신입사원 훈련 프로그래밍 (강좌 2019.1.7.(월)부터),19.01.03,326,
2019학년도 제1학기 DB김준기문화재단 장학생 봉사단 선발 안내 (서류접수:2019.1.4.(금) 17시까지),19.01.02,143,
[학생생활관] 학과장 추천 신청-2019학년도 제1학기 학생생활관 재학생 입사 선발 안내 (기한엄수: 2019.1.10.(목)까지),19.01.02,209,
Python을 이용한 Linux Desktop Application 기초 (2019년 1월 13일 13:00~17:00),18.12.28,291,
[외국인학생] 2019-1학기 보험 미가입 외국인 유학생 의료보험 가입 안내,18.12.27,94,
2019학년도 한국지도자육성장학재단 신규 장학생 선발 안내 및 추천 신청 (기한: 2018.학과사무실로 2019.1.3.(목) 178시까지),18.12.24,143,
2019학년도 한국장애인개발원 쌍용곰두리장학생 선발 안내 및 추천 신청 (학과사무실로 2019.1.14.(월)까지 기간 엄수),18.12.24,106,
2018년 하반기「서울시 대학생 학자금 대출이자 지원사업」안내 (2019.1.1.~2.28.),18.12.24,90,
[인재개발원 특강] VR/AR 콘텐츠 제작을 위한 기본 프로그램 교육과 실습 (신청~12/25일 자정까지),18.12.24,113,
[무료교육] 데이터 과학 멘토링 (교육기간: 2019.1.8.~2019.1.26. 신청기간: 2018.12.19.~2019.1.8. 18:00까지),18.12.21,271,
[외부특강] 스마트 팩토리 및 강화학습 세미나,18.12.17,199,
[특강] 공직사회 진출을 희망하는 지역 대학생을 위한 법률특강 안내 (신청기간: ~2018.12.25.(화) 13시까지  학과추천 희망시 12.21.(금)까지),18.12.15,131,
[장학] 2019학년도 (재)함경북도장학회 52차 장학생 선발 안내 (신청기간: 2019.1.17.(목)까지),18.12.15,135,
[외부특강][삼성SDS] 동계 알고리즘 특강 안내,18.12.13,305,
[장학] 2019년 OK배·정 장학재단 생활장학생(학부  대학원) 선발 안내,18.12.07,238,
[아르바이트] 우리학교 경영학부 교수님의 데이터 수집 아르바이트 학생 구함 (신청기한: 2018.12.12.(수)까지),18.12.05,319,
2018 유성구 청년정책 컨퍼런스 (12/05  저녁 6시  인재개발원 3층),18.12.05,132,
대전 연합 스타트업 데모데이 (2018년 12월 19일  인재개발원 3층),18.12.05,145,
급!!! 충남대학교「올해의 공대인상」수상후보자 추천 및 본인 신청 안내 (기한: 내일 2018.12.6.(목) 18시까지),18.12.05,215,
[장학] 2019년 건설근로자 자녀 대학생 (재)협성문화재단 신규 장학생 선발 안내 (신청기간: 2018.12.14.~2019.1.14.),18.12.05,98,
[장학] 2019년 아산사회복지재단 ‘아산나래(SOS)장학생’ 선발 안내 (신청기간: ~2018.12.31.),18.12.05,107,
[12월11일] "Education SW Tools  Prof. Lauri Malmi" 12월 11일 KAIST N1 빌딩,18.12.05,228,
[11월29일] [SW사업] 2018년 국방SW융합 컨퍼런스 (2018.11.29.(목) 13:30~18:00),18.11.28,182,
2018년도 동계 방학기간 근로학생 모집안내,18.11.28,231,
2019학년도 두산연강재단 장학생 선발 안내 (신청기간: 2018. 11. 26.(월) ~ 2018. 12. 14.(금)),18.11.27,165,
2019년 DB김준기문화재단 장학생 봉사단 선발 안내 (지원기간: 2018.12.10.~2019.1.4.),18.11.27,131,
[국가장학] 재학생 반드시!! 2019학년도 1학기 국가장학금 1차 신청 안내 (신청기간: 2018.11.20.~12.17. 18시까지),18.11.23,214,
[재학생 전체] 2019년도 학생자치기구 온라인 투표 진행을 위한 재학생 정보 활용 안내,18.11.23,105,
[11월23일] 국방ICT융합인력양성사업단 종합학술대회 (2018.11.23.(금) 10:00~16:00),18.11.22,223,
[11월28일] 컴퓨터공학과 준비 취업컨설팅 (특강) 2018.11.28.(수) 18시~ 공5 412호,18.11.22,191,
[11월 30일] SW인재 페스티벌 참가자 모집,18.11.21,290,
[창의SW축전] 2018년 데브데이  창의작품경진대회  동아리연합성과발표회 수상자에 대한 시상금 지급 안내 (제출기간: 11.21.(수)~11.22.(목)),18.11.16,418,
[동아리원 모집] 컴퓨터공학과 인공지능 동아리 설명회 (일시: 2018.11.19.(월) 19:30~21:00),18.11.13,390,
GDG Devfest Daejeon 2018!,18.11.13,235,
[국방ICT졸업작품] 일정 변경-대회 안내 및 참가작품 확인 (대회: 11.23.(금) 10:00~),18.11.13,342,
[창의SW축전] 창의작품경진대회 참가 작품 및 결과물 제출 여부 확인 (확인 기한: 2018.11.13.(화) 오전 10시까지),18.11.12,317,
[장학] 2019학년도 (재)행복영도장학회 장학생 선발 안내,18.11.12,167,
[국가근로] 2018 동계방학 중 컴퓨터공학과사무실 국가근로 모집 안내 (종료),18.11.09,221,
[국가근로] 2018학년도 국가교육근로장학사업 동계방학 집중근로 희망근로기관 신청 안내 (신청기간: 2018.11.15.~11.23.),18.11.09,189,
[장학] 2018년 고졸 후학습자 장학금(희망사다리 Ⅱ유형) 3차 신청기간 연장 안내 (~2018.11.20.(화) 18시까지),18.11.08,104,
[국가근로] 2018년 동기 국가 교육근로장학 취업연계 중점대학 안내,18.11.06,195,
[교직] 교원임용시험 대비 교육학 모의논술 특강 안내 (특강일: 11.12.(월) 17시~  선착순 접수 60명),18.11.06,104,
[국방ICT사업] 고교멘토링 프로그램(홍보활동) 참여 안내,18.11.06,184,
[국방ICT사업] [재학생 전체] 사업 만족도 설문 조사 참여 요청 (기한: 11.12.(월)까지),18.11.06,118,
[2018창의작품경진대회] [국방ICT졸업작품전] 포스터 양식 및 샘플 안내,18.11.06,239,
[아르바이트] 창의SW축전 도움 학생 구함 (신청 기한 단축합니다: 11.6.(화) 18시 까지),18.11.05,256,
[제8회 창의SW축전 2018 : 컴퓨터공학과 선배들과의 만남(1) : 박은식(4학년) 재학생 소개],18.11.05,286,
라인X한국정보과학회 블록체인 경진대회,18.11.02,188,
[전체] 『발전기금재단 장학금』 명칭 공모 안내 (2018.11.5.18시까지),18.10.31,156,
[SW중심대학사업]온라인 코딩 테스트 무료 응시 지원(기한 : 2018. 11. 1 오후 5시까지),18.10.30,257,
[국가교육근로] 2018-2학기 국가교육근로 장학생 신청 관련 유의사항과 Q&A (기한엄수 10.31.(수) 정오까지),18.10.30,168,
페이스북 이노베이스랩 로드쇼 X 충남대학교 세미나 안내,18.10.30,163,
[국방ICT] 전문가 초청 강연 (2018.10.30.(화) 16:00~18:00  공2435),18.10.30,123,
[전제 재학생] 2018창의SW축전「창의작품경진대회」안내 (11.16.(금) 11~14시까지),18.10.29,472,
[아르바이트] 2018창의SW축전 행사 동영상 편집 학생 구함 (신청기한: 10.31.(수)까지),18.10.26,185,
2018년 고졸 후학습자 장학금(희망사다리 Ⅱ유형) 2차 신청 안내 (기한: 2018.10.26.(금) 18시 까지),18.10.24,116,
[장학] 2019학년도 아산사회복지재단 성적우수장학생 선발 안내 (서류제출기한: 2018.11.2.(금) 16시까지 엄수),18.10.24,126,
[2018 글로벌인재양성 해외파견-전공 특성화 프로그램] 네바다 주립대학교 공과대학 학생인턴 및 교환학생 모집 (내일10.25.(목)17시까지),18.10.24,195,
2018 창의SW축전 DevDay 신청 접수 안내 (2018.10.24.(수) 09:00~10.26.(금) 18:00  선착순 20팀),18.10.24,262,
【긴급】청년 미취업자 시험위원 인력풀 추천 신청 (기한: 10.24.(수) 정오까지 ),18.10.23,188,
[2018 글로벌인재양성 해외파견-전공 특성화 프로그램] 네바다 주립대학교 공과대학 학생인턴 및 교환학생 모집 안내(기한: 10.25.(목)17시까지),18.10.23,212,
2018학년도 제2학기 국가교육근로 권역별 취업연계(대전드림_일석이조) 장학생 선발 안내 (기한: 10.31.(수) 정오까지),18.10.23,184,
[등록금] 2018-2 등록금 미납자 추가납부(3차) 안내 (10.24.(수)~10.25.(목) 09:00~23:00),18.10.22,118,
[급! 학생모집] [LINC+사업단] 글로벌 CNU-MIC 프로그램 참가 학생 모집 공고 (신청서류 제출 기한: 내일 10.23.(화)까지),18.10.22,214,
[학자금] 2018년 하반기「군산시 대학생 학자금 대출이자 지원사업」안내 (신청기간: 2018.11.9.(금) 18시까지),18.10.18,106,
[외국인학생] 「헬로 미스터 케이(Hello  Mr.K)」행사에 따른 외국인 유학생 참석 안내 (참여신청: 10.19.(금) 15시까지),18.10.18,129,
[모집] 2019년도 삼성드림클래스 겨울캠프 대학생강사 선발 안내 (접수기간: 10.24.(수) 14:00~10.31.(수) 10:00까지),18.10.18,191,
[SW중심대학사업]2018학년도 2학기 인프런 동영상 수강 지원 안내,18.10.16,388,
[국방ICT] 산업체 초청 세미나 안내(10.16(화)16시~공4710),18.10.15,130,
[3 4학년 대상] 2018 동기 계절제 백마인턴십을 위한 사전신청서 추가 제출 안내 (기한: 2018.10.17.(수)까지),18.10.12,251,
[장학] 2018 하반기 대전인재육성장학재단 청년희망  성취 및 외국인 유학생 장학생 선발 안내,18.10.12,127,
[장학] 2018년도 창업마일리지 장학금 참여 안내,18.10.12,227,
[졸업프로젝트] SW사업단 산학프로젝트의 SW등록 안내 (기한: 2018.10.19(금)까지),18.10.08,243,
[일정 수정 안내] 2018년 창의SW축전[DevDay  창의작품경진대회  동아리연합성과발표회] 개최일자 안내 (상세공지는 10.23(화)~10.24.(수) 예정),18.10.08,382,
[학자금] 2018년 「대전시 대학생 학자금 대출이자 지원사업」안내 (신청기한: ~10.31.(수) 18시 까지),18.10.04,139,
[대회 수요 조사] 금융보안원 2019년에 침해위협분석대회 수요조사 (조사기간: 2018.10.1.~10.19.),18.10.04,135,
[공모전] [대검찰청 과학수사부] 4차 산업혁명 시대의 과학수사 대학(원)생 아이디어 공모전 안내 (공모기간: 2018.10.1.~10.20.(토)),18.10.02,174,
[장학] 2019년 아산사회복지재단 장학생 선발 안내,18.10.01,149,
[학부생 연구생] 데이터사이언스 연구실 (김동일 교수님 랩) 학부 연구생 모집 안내 (기간: 2018.10.1.(월)~10.8.(월)까지),18.10.01,283,
[학자금 대출] 2018년 하반기「김제시 대학생 학자금 대출이자 지원사업」안내,18.10.01,102,
[3 4학년 대상[ 2018 하반기 TOPCIT 정기평가 신청 "최종" 연장 안내 (2018.9.28.(금) 14:00까지),18.09.21,194,
[학자금] 2018년 하반기 통영시 대학생 「학자금대출 이자지원 사업」 안내 (신청기간: 9.20.~10.31.),18.09.18,117,
[졸업프로젝트] SW사업단 산학프로젝트 성과 제출 안내 (기한: 2018.9.30.까지),18.09.17,317,
[3 4학년대상] 2018.9.18.(화) 현재-제10회 TOPCIT 정기평가 신청자 명단 확인,18.09.17,230,
[컨퍼런스-해커톤 포함] 삼성 5회 오픈소스 컨퍼런스 2018,18.09.14,235,
[경진대회]2018 블록체인 그랜드챌린지 아이디어·해커톤 공모 접수안내,18.09.14,170,
[전체학년] [TOPCIT] 컴퓨터공학과 TOPCIT (ICT 역량지수) 대학순회 설명회 참석 안내 (2018.9.17.(월) 18시~19시  411호),18.09.12,245,
[핀테크보안센터] 정보보호 전문교육 실시 안내(과정명: 악성코드 분석  교육일시: 2019.9.19.(수) 09:00~18:00),18.09.12,238,
[아르바이트] 급!!! LG화학 기술연구원 연구보조 모집,18.09.11,255,
[국방ICT] 전문가초청강연 "국방 RF센서 기술 및 응용" 2018.9.18.(화) 16시~18시 공2434-1호,18.09.11,123,
[컴공 4학년] 우리학과 4학년 대상 (특히  비 SW개발직 희망자는 반드시) 진로상담 바랍니다(9.10(월)~9.12.(수)  9.17.(월)~9.19.(수)),18.09.10,270,
[장학] 국가장학금-2018학년도 2학기 2차 신청 특별연장기간 운영 안내 (~9.13.(목) 특별 연장),18.09.07,128,
[SW중심대학사업]인프런 동영상 강의 수강-2학기 일시 중지 안내,18.09.07,223,
[사이버보안 연구실] 정보보호 전문 교육 안내,18.09.05,192,
법무부 요청-외국인 유학생 준수 의무사항 안내문 게시,18.09.05,123,
[SW사업단] 9월 10일 구글 개발자 초청 특강 Open SW and Future of Web,18.09.03,368,
[장학] 2018학년도 (재)경주시장학회 장학생 선발 안내 (신청기간: 2018.9.20.(월)~9.21.(금) 18:00까지),18.08.30,173,
[3 4학년 인턴십] 2018 하계 방학 중  인턴십 수행 학생 전체 인턴십 수행 증명서 제출 요청 (기한: 2018.9.7.(금)까지),18.08.27,260,
[졸업생] 취업여부 확인 및 증빙자료 제출 요청 (기한: 2018.9.5.(수)까지),18.08.27,182,
[장학] 2018-2학기 외국어 성적 우수(토익900점 이상) 신청자를 위한 신청 기한 안내 (2018.8.27.(월) 정오까지 엄수),18.08.24,267,
[공모전] 2018 SW챌린지 공모전 모집 요강 안내 (접수: 2018.10.5.까지),18.08.23,251,
[현장실습] 2018 하반기 글로벌 현장실습 참여신청 안내 (베트남  일본  신청기간: ~2018.8.31.(금) 18시까지),18.08.23,177,
[공모전] 2018 WTA 하이테크 아이디어 공모전 참가팀 모집 (기한: ~2018.9.2.(일)까지),18.08.23,134,
[초청특강] 인재개발원 「미래사회 변화와 혁신인재양성을 위한 초청특강」안내(신청: 내일8.24.(금) 오후6시까지  특강:2018.8.30.(목)15:00~17:00),18.08.23,104,
[SW사업단-특강 : 대학원 생활과 미국 IT 직장 생활 ],18.08.22,224,
[공모전] 2018년 ICT융합 아이디어 공모전 (공모기간: 2018.7.31.~9.7.(금)),18.08.21,155,
[장학] 2018학년도 2학기 국가장학금 2차 신청 안내 (학생신청:2018.8.23.(목)~9.6.(목)18시),18.08.21,116,
[3 4학년대상] 제10회 TOPCIT 정기평가 응시 안내 (학과 단체접수:9.14.(금)까지  시험일 10.20(토)오전),18.08.21,280,
[공모전 설명회 사전신청] O-Prize공모전 설명회 사전신청 안내 (참석신청 2018.8.29.(수) 18:00 까지  설명회일시: 9.5.(수) 정오),18.08.21,223,
홈페이지 관리 근로학생 모집[SW중심대학사업단홈페이지],18.08.21,255,
[창업] 충남대학교 창업캠프 추가 인원 신청 안내 (2018.8.20.~8.24. 선착순 접수),18.08.20,116,
[공모전] O-Prize 공모전 (공모테마: 정보보호/미세먼지/자유테마) (아이디어 모집 기간: 2018.7.16.~9.15.까지),18.08.20,179,
[행사] 장고걸스 대전 2nd 워크샵 (신청기한: 2018.9.2.(일)까지),18.08.17,202,
[SW중심대학] 제12회 공개SW 개발자대회 (접수~8/27),18.08.14,234,
[개별안내 받은 해당자에 한함] 2018-2학기 국가장학금 미신청 사유서 (제출기한: 2018.8.9.(목) 자정),18.08.09,225,
2018학년도 2학기 초청 교환학생 도우미 선발 안내(추가) ~2018.8.13.까지,18.08.08,138,
[LINC+사업단] 산업연계형 실무교육 프로그램(자율주행을 위한 제어 및 센서 인터페이스) 참가자 모집(2018.8.9.~8.16. 18시까지),18.08.07,158,
『2018 실전 창업 캠프』참가 안내 (신청기간: 2018. 08. 01.(수) ~ 08. 14.(화). 24:00),18.08.07,118,
[졸업식] 2017후기 졸업대상자 졸업 가운 대여 안내(신청 연장: 8.21.(화)까지) 및 졸업식 안내(정심화홀 8.24.(?) 14:00),18.08.07,212,
아르바이트생 모집 ((주)큐버 - 김기일 교수님),18.08.06,365,
2018-2학기 공개소프트웨어실습 교과목을 위한 컨트리뷰톤 참여,18.08.03,204,
[장학] 2018년 고졸 후학습자 장학금(희망사다리 Ⅱ유형) 신청 안내 (신청기간: 2018.08.06.~08.17.(금) 18시),18.08.03,102,
[장학] 2018학년도 제2학기 유하푸른재단 장학생 선발 안내 (학과신청: 2018.8.8.(수) 18:00까지 학과사무실),18.08.03,132,
[국가근로] 『2018학년도 제2학기 국가교육근로장학생(장애대학생 도우미지원 유형)』모집 안내 (모집기간: ~2018.8.10.(금) 17시까지),18.08.02,134,
[한국ITS학회] 빅데이터 활용 국민참여형 대중교통 개선방안 공모전,18.08.01,155,
[학자금 대출] 2018학년도 2학기 학자금 대출 기본계획,18.07.31,129,
2018학년도 2학기 초청 교환학생 도우미 선발 안내 (접수기간: 2018.8.1.~8.5.),18.07.31,136,
[창업] 충남대학교 창업캠프 운영계획 안내 (2018.8.1.~8.14. 선착순 접수),18.07.31,114,
[국외파견.복수학위] 국외(북미) 자매대학 파견(2019학년도 1학기) 복수학위 참가자 모집 (지원서접수: ~2018.8.3.(금) 18:00까지),18.07.30,173,
2018학년도 제2학기 장애학생 학습도우미 지원 신청 안내 (신청기간: ~2018.8.1.(수) 12:00까지),18.07.27,130,
[국가근로] 2018년 2학기 국가 교육근로장학 취업연계 중점대학 안내,18.07.20,173,
[장학] 2018학년도 2학기 푸른등대 기부장학사업 신규장학생 선발 안내 (서류제출기간: 2018.7.19.~8.3(금) 18시),18.07.20,140,
[국방부 컨퍼런스] 국방부 제6회 국방사아버안보 컨퍼런스,18.07.19,134,
[졸업예정자 및 기 졸업자] 청년TLO 육성 사업 참여 신청 안내 (기한: 2018.7.23.(월) 오전10:00까지),18.07.19,252,
[대회&채용상담회] 삼성전자 DS부문 육목 SW 알고리즘 대회 및 채용상담회 안내 (신청기한: ~2018.8.3.(금)까지),18.07.19,189,
[수정안내][백마인턴십 2018-2학기] 쎄트랙아이 인턴십 사전신청 안내 (기한연장: 2018.7.20.(금) 18시 까지),18.07.17,223,
[아르바이트] 우리학교 산학연교육연구관(W1) 입주기업 "요트주식회사" 아르바이트 모집 안내 (신청기한: 2018.7.20.(금)까지),18.07.11,264,
[아르바이트] KISTI (한국과학기술정보연구원) "연구데이터허브센터" 학부 아르바이트생 모집 (빠를 수록),18.07.11,360,
[창업] 2018년 창업선도대학 창업아이템 사업화 (예비)창업팀 2차 모집 (신청기간: ~2018.7.23.(월) 18시 까지),18.07.09,105,
[교육] 018년 이노폴리스캠퍼스 교육생 모집 안내 (기간: ~2018.7.20.(금)까지),18.07.09,125,
[장학] 2018년도 대정장학재단 장학생 선발 안내 (지원기간: ~2018.7.23.(월)까지),18.07.09,118,
[장학] 2018학년도 제2학기 농어촌희망재단 장학생 선발 안내 (~2018.7.16.(월) 17시까지),18.07.09,86,
[장학] 2018년도 정읍시민장학재단 장학생 선발 안내 (지원기간: 2018.7.13.(금)~7.20.(금)까지  학과추천서는 7.19.(목) 18:00까지),18.07.09,98,
[사이버보안연구실] 학부 연구생 모집,18.07.09,186,
[학자금] 2018년 상반기「서울시 대학생 학자금 대출이자 지원사업」 신청기간 연장 안내 (~2018.7.6.(금) 18시까지),18.07.05,94,
[교육 수요조사] (대전정보문화산업진흥원) SW테스트 전문가(ISTQB CTFL 자격검증) "선착순" 실제 접수 우선 혜택,18.07.05,190,
창직(창업X) 특강 (2018.07.12 까지 신청 가능),18.07.04,139,
창업을 디자인하다 - 3D프린팅 기본 교육 (2018.07.12까지 교육 신청 가능),18.07.04,118,
[학자금] 2018년 제2학기 농어촌출신대학생 학자금융자 시행 안내,18.07.04,87,
[학자금] 2018년 하반기「제주특별자치도 대학생 학자금 대출이자 지원사업」안내,18.07.04,83,
[대회] (주)카카오의 알고리즘 대회 - kakao code festival (접수기한: 2018.8.2.(목)18시까지),18.07.03,256,
[장학] 2018학년도 2학기 충남대학교 총동창회 장학재단 장학생 선발 안내(접수기간: 7.29.(금)~7.30.(월)18시),18.07.03,144,
[국방ICT] 2018 하계 단기특강 신청서 접수 안내 (7월6일(금)까지 접수),18.07.02,204,
2018년 저소득층학생 대상 추수지도 프로그램 신청 안내 (신청기간: ~2018.7.4.(수)까지),18.07.02,143,
[대회] 2018 SW융합해커톤 (접수기간: 2018.7.25.(수)~7.27.(금)),18.07.02,193,
[장학] 2018년 5·18기념재단 장학생 선발 안내 (접수기간: 2018.7.16.(월)~7.20.(금)),18.07.02,123,
[1~3학년 대상] 「내 인생의 내비게이션  커리어로드맵(CDP) 」프로그램 안내 (프로그램: 2018.7.10.(화)  선착순 통합정보시스템으로 신청],18.06.29,131,
[학부 연구생 모집] 시스템소프트웨어 연구실에서 학부 연구생을 모집합니다(기한: 2018년 6월 27일 ~ 2018년 7월 7일),18.06.27,215,
[초청세미나][BK21플러스사업] Quasi-Open Bisimilarity with Mismatch is Intuitionistic (2018.07.03.11:00~13:00),18.06.26,142,
학내전역 단수 안내 (2018.6.23.(토) 08:00~15:00),18.06.22,109,
[졸업예정자 및 기 졸업자] 청년TLO 육성 사업 참여 수요조사서 제출 안내 (기한: 6.26.(화)정오까지),18.06.22,355,
[SW중심대학] 2018년도 개별 학습 소동아리 (모각코) 지원 안내,18.06.21,486,
[SW중심사업] 데이터분석 교육생 모집 (신청시간: 2018.6.14.(목)~6.19.(화)),18.06.15,302,
[전학년 조사] 학내 전동휠  전동킥보드 소유 현황 파악 및 안전교육 실시 (현황 파악: 2018.6.19(화)까지),18.06.15,164,
[대회] '2018 Hdac Hackathon The Arena' 사전 교육 안내 (교육일자: 2018.6.14./6.19.),18.06.15,140,
[SW중심사업] [★★★ 1학기 우수 TA선발을 위한 설문 조사 안내 (설문조사 기한: ~2018.6.20.(수)까지) ★★★],18.06.14,419,
[국방ICT] 2018 하계 NCS 직무기반 취업 캠프 운영 안내 (신청서 제출 기한: 2018.6.20.(수) 18시까지),18.06.12,144,
KISIA 기업수요맞춤형 정보보호 실무자 양성 과정 교육과정 교육생 모집 (서류모집: 2018.7.24.까지),18.06.12,144,
[외국인] 2018-2학기 외국인 유학생 의료보험 가입 안내 (기간 2018.6.11.(월)~6.21.(목)),18.06.11,119,
[학부 연구생 모집] 이동네트워크연구실에서 학부 연구생을 모집합니다.(기간:2018.6.12.~6.25.(월)),18.06.11,232,
[인턴십 추가 선발] 이메일수정&일정 당김-한국원자력연구원 기술정책연구실 빅데이터 관련 연구 업무 (학과 신청 기한: 2018.6.8.(금) 정오까지),18.06.07,296,
[세미나] 딥러닝 컨퍼런스 안내 (일시: 2018.6.28.(목) 10:00~18:00),18.06.04,340,
「CNU-BC 글로벌 리더십 프로그램」 추가 모집 안내 (모집: ~6.7.(목)까지),18.06.04,162,
[대회] 2018 Hdac Hackathon (접수기간: ~2018.6.24.(일)까지),18.06.01,225,
[장학] 2018학년도 강북구 복지 장학생 선발 안내 (신청기한: 2018.6.1.(금) 18시까지),18.05.30,119,
[경진대회] 2018 인공지능융합 아이디어 경진대회 (접수기간: ~2018.6.1.까지),18.05.30,161,
[공모전] [네이버] 클로바 인공지능 아이디어 챌린지 공모전 (~2018.7.8까지),18.05.30,277,
[SW중심대학] 글로벌SW인재트랙 3기 면접대상자 및 면접일정 안내,18.05.30,254,
[국방ICT] 전문가초청강연 "한화시스템 소개" 2018.5.30.(수)  16:30~18:00  공2435호,18.05.30,94,
[국방ICT] 전문가 초청 강연 "빅데이터 이해 및 시장동향과 적용 사례" (2018.05.29(화)  16:00~18:00  공5410호),18.05.29,476,
[SW중심대학] 2018 공동 오픈소스 해커톤 대회 선발자 명단,18.05.28,215,
HCI 연구실 학부 연구생 모집 공고(모집중),18.05.28,223,
[대회] 제5회 대한민국 SW융합 해카톤 대회 안내 (일시:2018.8.30.(목)~9.1.(토) 무박3일),18.05.24,290,
[SW중심대학] World IT Show 참관 일정 안내 (5/25 금),18.05.23,172,
[국가장학] 2018학년도 국가교육근로장학사업 하계방학 집중근로 희망근로기관 신청 안내 (기한: 5.25.(금)까지),18.05.21,165,
[국가장학] 2018학년도 2학기 국가장학금 1차 신청 안내 (신청기간: 2018.5.17.(목)~6.15.(금)18시),18.05.21,124,
[장학추천] 2018년 (재)KT그룹희망나눔재단 미래창조인재 장학생 선발 추천 (학과추천신청: 5.24.(목) 오후4시까지 엄수),18.05.21,136,
[장학] 2018학년도 제2학기 1차 국가 교육근로장학사업 학생 신청기간 안내 (2018.5.17.(목)~6.15.(금)),18.05.21,127,
[대회] 2018 로봇융합페스티벌-인공지능 서비스 로봇 콘텐츠 개발 대회,18.05.16,161,
[경진대회] SW중심대학 공동 오픈소스 해커톤 참가 및 학과 추천 신청 안내(대회6.28.~6.30.  학과신청: 5.20.(일)까지),18.05.16,206,
[SW중심대학] 3기 글로벌 SW인재트랙 학생 추가 선발,18.05.15,544,
[수요조사] 엔에이치엔고도 대전지역 쇼핑몰 창업세미나 참석자 사전 수요조사 안내 (참가신청: 5.18.(금)정오까지),18.05.15,106,
[긴급] 스승의날 청탁금지법 위반 사례 발생 방지를 위한 주의 안내 요청,18.05.15,132,
2018년도 삼성드림클래스 여름캠프 대학생강사 선발 안내 (접수기간: 2018.5.23.14:00~5.30.10:00까지),18.05.14,180,
[취업박람회 참가 신청] SK동반성장 협력사 채용박람회 학과단체참관 신청 안내 (박람회:5.31.(목)  참가신청:5.21.(월)18시),18.05.14,245,
[인턴십] 2018년 2학기 ICT 학점연계 프로젝트 인턴십 국내과정 신청 안내 (학과로 2018.5.31.(목)까지)),18.05.14,130,
[장학] 2018학년도 울산인재육성재단 장학생 선발 안내 (신청: 2018.5.8.(월)~5.31.(목)),18.05.11,125,
「제3회 공무원 빅데이터 분석사례 발표대회」 대학생 심사단 모집 안내 (학과추천: 2018.5.15.(화)까지),18.05.11,165,
[교내 도서관] 연체자 및 좌석배정 제재자 특별구제 행사 안내,18.05.10,132,
[공모전]제30회 글로벌SW공모대전 참가 안내,18.05.09,281,
[교직] 2018년도 1학기 교직 적성 및 인성검사 실시를 위한 신청서 접수 안내 (신청기한: ~5.11.(금) 1시까지 학과사무실),18.05.08,168,
[교직] 2019학년도 중등임용시험 대비 교육학논술 모의고사 및 특강 안내 (신청: 5.18.(금)까지 선착순  특강일:5.31.(목)18:30~),18.05.08,147,
2018 빅데이터 청년인재 양성 교육 운영대학 사업,18.05.04,198,
[SW중심대학] 2018 마이다스챌린지 개발경진대회 안내,18.05.04,208,
[장학 추천] 2018년 푸른등대 삼성SOS장학생(신규) 선발 안내 및 추천 (기한엄수: 2018.5.4.(금) 정오까지),18.05.03,142,
[학부 근로학생 모집] 알고리즘 실습 교재개발에 참여할 학생을 모집합니다 (1) (모집마감되었습니다.),18.05.03,155,
[SW중심대학] 퍼듀대학교 K-SW 스퀘어 글로벌 교육 프로그램 신청 공고 (5/14까지),18.05.03,219,
[SW중심대학] 클라우드 컴퓨팅 기초 개념과 활용 특강 안내(엘리트SW인재트랙 클라우드전문가 과정),18.05.02,297,
[학자금 대출] 2018년 상반기「전주시 대학생 학자금 대출이자 지원사업」안내 (기간: 2018.5.1.(화)~6.10.(일)),18.04.30,97,
[장학] 2018학년도 제1학기 우리다문화장학재단 장학생 선발 안내 (기한: ~2018.5.10(목) 17시까지),18.04.30,113,
[해외연수 학과추천] 파란사다리 학생 신청 안내 (학과별 1명 추천) - 신청기한 2018.4.30. (월) 정오까지 엄수,18.04.27,171,
[대회] 2018년 정보보호 해커톤 개최 안내 (접수:~2018.5.17(목) 17시까지  본행사: 2018.6.2.(토)~6.3(일) 무박2일),18.04.27,176,
[국방ICT] 국방ICT융합인력양성사업단 고교 멘토링 프로그램 참여자 모집 (2018.12.07.까지 예산 소진시 조기 종료),18.04.25,237,
[SW중심대학] 2018 World IT Show 참관 희망자 모집,18.04.25,294,
[SW중심대학] 4/25(수) 진로 탐색 특강 개최,18.04.25,154,
[국방ICT] 전문가 초청 강연 안내 (2018.4.27.(금) 16:00~18:00  공2401-A호),18.04.25,127,
[SW중심대학] 인프런 동영상 강의 수강 지원,18.04.24,315,
[SW중심대학] 2018년도 SW중심대학 공동 인턴십 참가 희망자 수요 조사,18.04.24,164,
[등록금] 2018학년도 1학기 등록금 추가납부(5차) 안내 (납부기간: 2018.4.20.(금)~4.24.(화) 09:00~23:00),18.04.20,118,
[장학] 2018년 POSA IT육성 장학생 신청 안내 (기한: 2018.4.20.(금) 14시까지),18.04.19,162,
[SW중심대학] SK T& B 코드 챌린지에 참여할 학생을 모집합니다.,18.04.19,181,
[전학년] 행사로 혹시 수업에 결석할 경우 참고하세요!!,18.04.12,332,
[1학년 및 편입생  2 3 4학년] 2018년도 컴퓨터공학과 재학생 대상 GPS 참여 신청 안내 (기한: 2018.4.13.(금) 18시 까지),18.04.10,260,
[장학] 2018년 1학기 중소기업 취업연계(희망사다리) 장학사업 신청 안내 (4.20(금)18시까지),18.04.10,156,
[동아리&단체] 블록체인 관련 동아리 및 단체 참여 안내,18.04.10,222,
[공모전] NET 챌린지 캠프 시즌 5 (아이디어 접수기간: 2018.4.17.~5.18.),18.04.10,207,
[공모전] Girls in ICT 2018 - ICT 아이디어 공모전 (마감: 2018.4.13.(금) 17시),18.04.10,147,
[통영-학자금 융자] 2018년 상반기「통영시 대학생 학자금대출 이자지원 사업」안내 (기간:2018.4.9.~6.15.(금)까지),18.04.09,93,
2018년도 청년취업아카데미 창직과정 참여 동아리 모집 안내 (접수기간: 2018.4.5.~4.17.(화)까지),18.04.09,122,
[장학] 2018년 1학기 국가장학금 2차 신청 재학생 구제신청서 제출 안내 (2018.4.5.~5.18.(금)24시),18.04.09,104,
[인재개발원] 「글로벌 CEO와 함께하는 암참(AMCHAM) 혁신 캠프」 (사전온라인 신청 필요  행사일:2018.4.09.(월) 14:00~17:00),18.04.06,127,
[학부 연구생 모집] 이동네트워크연구실에서 학부 연구생을 모집합니다.(기간:2018.3.30.~4.6.(금)),18.03.29,286,
[인턴십] 글로벌 ICT 학점연계프로젝트 인턴십 사업 신청 안내 (2018.4.25.(수) 17시까지),18.03.28,192,
[SW중심대학] 2018년 창의적 학부생중심심화 프로젝트(BottomUp) 참여 학생 모집공고(기한:2018.3.30(금) 16시까지),18.03.28,179,
[SW중심대학] 2018년 글로벌SW인재트랙 연계 학부생중심심화프로젝트(BottomUp) 참여 학생 모집 공고(기한:2018.3.30(금) 16시까지),18.03.28,173,
[학과 특강] (유)라이엇게임즈 초청- 'IT 분야 구직을 위한 이력서 작성과 면접 진행 요령' (2018.3.28.(수) 오후8시~9시),18.03.28,215,
[3 4학년 대상] 제9회 TOPCIT 정기평가 응시 안내 (학과 단체접수:3.30.(목)까지  시험일 5.19(토)오전),18.03.28,124,
비개발 교육 과정 특강 수요 조사,18.03.19,202,
2018 컴퓨터공학과 재학생 엠티 공결확인서에 대한 사전 안내,18.03.18,279,
[장학] 2018년도 제천시 인재육성재단 장학생 선발 안내 (~2018.3.23.(금)까지),18.03.15,121,
[창업 특강] 2018년도 1학기 B.O.S.S.특강 안내,18.03.08,218,
[장학] 2018년도 세아해암학술장학재단 장학생 선발 안내 (~2018.3.25.(일)까지),18.03.08,158,
[장학] 2018년도 (재)충청남도인재육성재단 재능키움(대학부)장학생 선발 안내 (기간: ~4.12.(목) 18시까지),18.03.08,129,
[인턴십 리쿠르팅] [삼성전자 CE/IM 부문] 인턴십 선발 안내 (2018.3.7.(수)16:30~18:00 산학연(E1) 315호),18.03.07,209,
[장학] 2018학년도 (재)충청남도인재육성재단 취업디딤돌장학생 선발 안내 (기한:~2018.4.3.(화)18시),18.03.05,174,
[장학] 2018학년도 (재)충청남도인재육성재단 글로벌탐방장학생 선발 안내 (접수: 2018.3.2.~3.29.),18.02.23,231,
[장학] 2018-1학기 국가장학금 주요 변경사항 안내,18.02.23,217,
[장학] 2018학년도 1학기 국가장학금 2차 신청 안내 (학생신청기간: 2018.2.12.(월)~3.8.(목) 18시까지),18.02.21,150,
[신입생] 2018학년도 공과대학 및 컴퓨터공학과 신입생 오리엔테이션 안내 (2018.2.12(화) 09:00~17:30),18.02.09,408,
[졸업생] 2017전기 컴퓨터공학과 학사학위수여식 안내 및 가운대여 안내 (가운 2.14(수)까지 신청),18.02.09,628,
2018학년도 1학기 기초교양교육원 학습지원 프로그램 요구조사 실시 (~2018.2.20.화)까지),18.02.07,137,
2018년 1학기 초청 교환학생 도우미 선발 홍보 (접수기간: ~2018.2.11.(일)까지),18.02.07,165,
[장학] 민트세이지 주식회사 "코딩장학금" 신청 안내 (신청기간: 2018.2.5.(월)~2.9.(금) 18시까지),18.02.05,334,
[장학] 2018학년도 제1학기 충남대학교 백마장학회 장학생 선발 안내 (제출기한: 2018.2.14.(수) 24시까지),18.02.05,213,
[국가근로] 2018학년도 제1학기 2차 국가 교육근로장학사업 학생 신청기간 안내(2018.2.5.09:00~3.8.(목) 18시까지),18.02.01,214,
[장학] 2018학년도 OK 배?정 장학재단 OK생활장학금(구 전액정기장학금) 장학생 모집 (서류접수: 2018.1.18.~2.19.),18.02.01,161,
[장학] 2018학년도 한국장애인재활협회 장애가정 청소년 행복장학금 대상자 모집 안내(2018.1.22.~2.9.),18.02.01,124,
[SW중심대학] 3기 글로벌 SW인재트랙 최종합격자 발표,18.01.29,74,
국외(중국  유럽 및 기타지역) 자매대학 파견 교환학생 모집 (2018.1.29(월) 18시까지),18.01.26,238,
[컨설팅] 2017 2017년 「대학 진로취업컨설팅」사업 학생역량진단 조사 협조 요청 (2018.1.26.(금)14시까지),18.01.25,153,
[SW중심] UI/UX를 고려한 Application 기획 및 제작 특강 안내 (2018.1.29.~2018.1.31.),18.01.23,210,
[컴퓨터공학과 데이터베이스시스템연구실] 연구 참여자를 구합니다,18.01.16,423,
[장학] 2018학년도 1학기 충남대학교 총동창회 장학재단 장학생 선발 안내 (접수기간: 2018.1.22.(월)~1.30(화) 18시 도착분),18.01.10,206,
[장학생 학과추천] 2018학년도 한국지도자육성장학재단 신규 장학생 추천 (신청기한: ~2018.1.4.(목) 18시까지),17.12.29,195,
[3 4학년] LINC+ 산학밀착형 기술교육 프로그램 참가자 모집 안내 (~2018.1.5.(금)),17.12.29,219,
[학자금] 2017년 하반기「서울시 대학생 학자금대출 이자지원 사업」연장 안내 (~2018.1.15.(월)18시까지),17.12.29,120,
JAVA 동계 특강 시리즈 (서둘러주세요),17.12.29,455,
[SW중심대학사업단] 제3회 주니어 창의작품경진대회 안내 - 포스터 및 결과보고서 제출 방법 업데이트,17.12.27,289,
[창업프로젝트] 2018년 슈퍼루키 창업 프로젝트 참여 인원 수요조사 (~2017.12.22.(금)까지),17.12.21,168,
[SW중심대학사업단] 동계특강 계획 일정표 안내,17.12.20,527,
[장학] 2018학년도 산학협동재단 장학생 선발 안내 (기한: 2018.1.12.(금) 정오까지 학과사무실),17.12.18,174,
***** [고교생대상] PRISM-H-School 겨울방학 프로그래밍 캠프 선발 결과 안내 ******,17.12.15,585,
[국가근로] 2017학년도 제2학기 국가교육근로장학사업 주요 변경 사항 안내,17.12.13,178,
[장학] 2018학년도 (재)함경북도장학회 51차 장학생 선발 안내 (신청기간: 2018.1.15.~1.19),17.12.13,125,
[SW중심] SW중심대학사업단 설명회 (2017.12.22.(금) 정오~13:00),17.12.13,155,
***[고교생 대상]*** 2017 PRISM H School 컴퓨터공학과 프로그램 신청 안내 (신청기간 2017.12.13.(수)09:00~12.15.(금)15:00까지),17.12.13,264,
[국가장학] 2018년 1학기 국가장학금 신청자 가구원 정보제공 안내 (2017.12.15(금) 18:00까지),17.12.12,121,
[SW중심대학사업단] NHN엔터테인먼트 인턴십 최종 선발자 안내,17.12.11,317,
[SW중심대학사업단] NHN엔터테인먼트 인턴십 선발 안내,17.12.05,379,
[학술세미나 참석 안내] 소프트웨어 융합을 통한 4차산업 혁명 (2017.12.7.(목) 14:00~17:50 취봉홀),17.12.01,186,
학자금대출 상환핵심설명서 안내,17.11.30,137,
[안전] 지진 국민행동 요령(행안부) 및 충남대학교 지진대응 시행계획,17.11.30,144,
(공학교육혁신센터) 2017 2차 창업캠프 참여학생 모집 안내 (신청기간: 2017.12.6.(수)까지),17.11.30,109,
호주 브리즈번 시청 해외인턴십 안내 (학생신청: ~2017.12.6. 18:00까지),17.11.30,163,
[SW중심대학] 2017 SRS 첫번째 세미나,17.11.27,224,
대전대학교 경영행정.사회복지대학원 사이버포렌식학과 홍보 요청 전달,17.11.23,271,
2017창의작품경진대회 참가신청자 대상-참가내용 확인요청 (2017.11.20.(월) 정오까지),17.11.19,445,
ICT채용연계 무료코딩테스트 「2017 찾아라 프로그래밍 마에스터」 참가 안내 (접수기간: ~2017.11.24.(금) 21시까지),17.11.17,239,
[장학] 2018학년도 1학기 국가장학금 1차 신청 안내 (학생신청: 2017.11.17.(금)~12.12.(화)),17.11.17,179,
2017 동계 SW융합 창작 캠프 참가자 모집 (모집기간: 2017.11.15.~선착순  캠프: 2017.12.4.(월)~12.6.(수)),17.11.16,209,
[CNU창업지원단] 2017년 CNU 창업경진대회 개최 안내 (서류접수기한: 2017.11.20.(월) 정오까지),17.11.16,180,
Korea Open Source Software Conference (COEX 2017.11.21. 10:00~18:00),17.11.15,201,
(KESSIA) 『2017 찾아라! 프로그래밍 마에스터』 참여기업 모집,17.11.10,249,
[창의SW축전] 2017창의작품경진대회 포스터 및 결과보고서 양식 및 샘플 안내,17.11.09,522,
[1-3학년 전체] 충남대학교 학부생 심리·사회·생활 측정 척도 개발을 위한 전수조사 (온라인설문; 2017.11.1(수)~11.10(금)),17.11.06,184,
2017학년도 동계 CRC(CNU Readers Club) 프로그램 안내 (서류제출: 2017.11.3.(금)~11.15(수)),17.11.02,218,
[국방ICT종합학술대회] 졸업작품전시회 구두 및 포스터 작품 신청 안내 (신청서 제출:11.09(목)까지),17.11.01,485,
[창의SW축전] 2017 창의SW축전-DevDay-창의작품경진대회-동아리연합성과발표회 개최 및 참여 안내 (신청서제출:2017.11.9.(목)까지),17.10.31,819,
[대회] [한국정보과학회] 참가권유 : KSC2017_SW 구현/데모 경진대회 (접수마감: 2017.11.6(월)까지),17.10.27,266,
[무료 시험] TOPCIT 알고리즘 평가 "무료" 응시 안내 (선착순  1차) ~2017.11.1(수)13시까지  2차)2017.11.15(수)13시 까지),17.10.27,240,
충남대학교「올해의 공대인상」수상후보자 추천 및 본인 신청 안내 (기한: 2017.11.1.(수) 18시까지),17.10.25,225,
[재학생 및 휴학생 대상] 중요!! 창업 및 취업 실태 조사 (특별 조사 기간 ~2017.10.31.까지 그리고 상시),17.10.25,132,
2018년도 삼성드림클래스 겨울캠프 대학생 강사 선발 안내 (접수기간: 2017.11.1(수)~11.8(수)10:00까지 온라인 지원),17.10.25,214,
[등록금] 2017학년도 제2학기 등록금 추가 납부 안내 (2017.10.24(화)~10.25(수) 09:00~23:00),17.10.23,102,
[창업 특강] 우리대학 인재개발원-창업생태계 조성을 위한 특강 안내 (2017.10.26.(목)~12.14.(목) 매주 목요일),17.10.20,155,
구글 여성 소프트웨어 캠프(Develop with Google)’ 2기 선발 안내 (기한: 2017.10.20까지),17.10.11,218,
[교직] 2018학년도 중등임용시험 대비 교육학논술 모의고사 및 특강 안내 (특강일:10.25(수)  신청기한: ~2017.10.25.(수)까지),17.10.11,128,
[대출] 2017년 하반기「전주시 대학생 학자금대출 이자 지원 사업」안내 (2017.10.1.~10.31.),17.09.26,138,
[국가장학금] 2017년 2학기 국가장학금 2차 신청 재학생 구제신청서 제출 안내 (제출기간: 2017.9.21(목)9시~11.21.(화)24시),17.09.26,122,
[대회]2017 LG CNS CODE MONSTER (대학생 IT 경진대회),17.09.21,240,
[대회] 2017사물인터넷 정보보호 해커톤 (점수기간: 2017.10.12.(목)까지),17.09.15,210,
[취업연계 장학] 2017년 2학기 중소기업 취업연계(희망사다리) 장학사업 학생신청 안내 (~2017.9.25(월)까지),17.09.15,174,
[ACE사업] 2017년도「CNU STRONG 창의인재양성 프로그램」참가학생 학과 추천 (학과로 신청: ~2017.9.20(수)18시까지),17.09.15,174,
[장학] 2017학년도 제2학기 수성인재장학생(대구 수성구) 선발 안내 (추천서 총장직인위해 9.18(월)오전11시 기한 엄수),17.09.15,158,
2017년도 어깨동무 입학 후 프로젝트 참가자 모집 안내(2차) (~2017.9.22(금) 17시까지),17.09.15,159,
[외국인 학생] 국제교류본부 글로벌 라운지 운영 안내,17.09.15,105,
[장학] 2017년도 2학기 2차 푸른등대 기부장학사업(블리자드) 신규장학생 선발 안내 (~2017.9.22(금) 18시까지),17.09.15,167,
[장학] 2017학년도 제2학기 (재)행복의길장학재단 고속도로 장학생 선발 안내 (~2017.9.29(금)까지),17.09.15,144,
[★★★ 전학년 대상 중요 : 2017 한국 대학생의 교수학습과정에 대한 설문조사(NASEL) ★★★],17.09.05,208,
[창업] 2017년도 창업동아리 2차 모집 (2017.9.4.(월)~9.22(금) 18시까지),17.09.01,180,
[장학] 2017학년도 제2학기 (재)달서인재육성장학재단 장학생 선발 안내 (신청기간: 2017.9.21.~10.12.),17.09.01,165,
[대회] 컴퓨터공학과 동아리 MOTION 주최 "2017 콜라톤" 참여 안내 (접수기간: 2017.8.28.~9.8.(금)까지),17.09.01,242,
기업정보시스템 9월 1일 금요일 강의실 변경안내,17.08.31,134,
[경시대회] 2017 ACM-ICPC 프로그래밍 경시대회 참가학생은 9.8(금) 18시까지 학과로 알려주세요 (등록기한 2017.9.12(화)까지),17.08.31,200,
[공모] 휴먼테크논문대상 응모요강 안내,17.08.31,158,
[대회] 제4회 소프트웨어 개발보안 경진대회 (참가신청 ~2017.9.10(일)까지),17.08.24,222,
학과사무실 근로학생 선발 안내[마감되었습니다.],17.08.23,201,
[교육] 2017년도 제2차 "「SW테스트 전문가 양성교육 및 ISTQB 자격검증」교육" 수강생 모집 (2017.9.5(화) 18시까지),17.08.17,233,
[국가장학] 2017학년도 2학기 국가장학금 2차 신청 안내 (2017.8.23(수)~9.6(수)18시),17.08.17,176,
[아르바이트(단기인턴)] 스타트업 회사인 스토리팔 단기 인턴 모집(원격 가능) (기한: 2017.8.18(금)까지),17.08.16,209,
2017 TOPCIT 플립러닝 교육프로그램 안내 (충남대 공5410호-9.16(토)  9.17(일)),17.08.11,172,
[공모전] ICT논문/발명PPT 공모 대제전 (접수기간: ~2017.9.29(금)까지),17.08.09,202,
[국외파견] 국외 자매대학 파견 교환학생 모집 홍보요청(2018학년도 1학기 파견),17.08.08,184,
2017년도 어깨동무 입학 후 프로젝트 참가자 모집 안내 (~2017.8.11(금) 17시 까지),17.08.08,226,
[장학] 2017학년도 제2학기 백마장학회 장학생 선발 안내(~2017.8.18(금) 24시 까지),17.08.08,175,
2017학년도 제2학기 국가근로장학생(장애학생 도우미 지원 유형)」도우미 모집 안내,17.08.07,129,
2017년 국비유학생 추가 선발안내 (접수기간: 2017.8.8(화)~8.11(금)),17.08.01,184,
2017년 2학기 초청 교환학생 도우미 신청 안내 (신청기간: 2017.8.2.~8.4(금) 18시까지),17.08.01,157,
[아르바이트] 한국과학기술정보연구원(KISTI) 한달 아르바이트생 모집 (2017.8월 또는 9월),17.07.31,230,
[국기근로] 2017학년도 제2학기 국가교육근로장학사업 희망근로기관 1차 학생 신청 기간 안내 (~2017.8.18(금)까지),17.07.28,199,
[창업] 2017년도 창업동아리 모집 안내 (접수: ~2017.8.4(금) 18시까지),17.07.28,114,
네이버 클로바 인공지능 아이디어 챌린지 안내 (서류모집 마감: 2017.8.6(일)),17.07.24,208,
[1 2학년] 국방ICT융합인력양성사업단 2017년 하계 진로캠프 운영 신청 안내 (캠프: 2017.8.31(목) 종일  또는 8.30(수) 종일),17.07.24,335,
[휴복학] 2017학년도 2학기 휴학 및 복학 신청 안내,17.07.24,180,
제10회 여름방학 글로벌 리더쉽 프로그램 (AYLP 2017) 참가 홍보,17.07.24,143,
[학자금 지원] 대전시 대학생 학자금 이자지원사업 지원 사업 안내 (신청: 2017.7.18(화)~7.31(월)18시),17.07.24,112,
[장학] 2017년도 제2학기 푸른등대 기부장학사업(구 사랑드림장학사업) 신규장학생 선발 안내(신청기간: ~ 2017.8.4.(금) 18:00까지),17.07.20,133,
[학자금] 2017년 2학기 농촌출신대학생 학자금융자사업 신청기간 연장 안내(~2017.7.24(월) 18시까지),17.07.20,94,
[장애학생] 2017학년도 제2학기 장애학생 도우미 지원 신청 안내(신청기한: ~2017.8.2(수) 정오까지),17.07.20,108,
[장학] 2017년도 강원랜드 장학생 선발 안내 (지원기간: 2017.7.17(월)~8.15(화)),17.07.20,154,
[장학] 2017년도 (재)익산사랑장학재단 장학생 선발 안내,17.07.07,165,
2017학년도 제2학기 등록금 납부 안내,17.07.07,278,
[장학] 2017년 대정장학재단 장학생 선발 안내 (접수: 7.5(수)~7.22(금),17.07.07,178,
[창업] 2017년 창업선도대학 (예비)창업자 2차 모집 안내 (신청기간: 7.3(월)~7.21(금) 18시까지),17.07.07,102,
2017 가을학기(16기) CNU-Arizona TESOL 지원 안내 (신청:2017.6.28.~7.23  교육:2017.9.4.~12.21.),17.07.05,168,
[SW사업] 사업참여 학생들에 대한 개인정보 활용 동의서 제출 안내 (6.23(금)까지),17.06.22,243,
[학부인턴 모집 : 사이버보안연구실 : 6월 30일(금)까지],17.06.21,337,
[기업 현장실습] 급! 세림티에스지 (지원서제출: 오늘2017.6.16(금)까지),17.06.16,216,
[봉사활동] 2017학년도 여름방학 중 방과후학교 대학생 교육봉사활동 참여 안내,17.06.16,204,
[ACE사업] 2017년도 하계 CNU 학습동아리 사업 실시 안내 (접수: 2017.6.12.월~6.21.수)까지),17.06.13,142,
[장학] 2017학년도 2학기 충남대학교 총동창회 장학재단 장학생 선발 안내 (2017.7.17월~7.24월 18시),17.06.13,215,
[강연] 알아두면 쓸모있는 신비한 딥러닝 (2017.6.22.(목)09:00~18:00 기초과학2호관 감민호홀),17.06.13,202,
[대회] 제2회 IoT 이노베이션 챌린지 (접수기한: 2017.7.2.(일)까지),17.06.12,174,
[졸업프로젝트-학과신청] 2017 공과대학 캡스톤디자인.졸업작품 경진대회 참가 신청 안내 (2017.6.13(화)까지),17.06.09,306,
[유학]「캐나다 레이크헤드대학 유학설명회」개최 안내 (2017.6.15.(목) 10:30~),17.06.08,186,
[특강][국방ICT사업] 전문가 초청 "스타트업 생태계와 청년창업의 의미" - 2017.6.12(월) 19시~21시 공5410호,17.06.07,127,
[대회] 제5회 전국 대학생 디지털 솔루션 챌린지(K-HACKATHON) 등록 안내 (~2017.6.18(일)까지 선착순 등록),17.06.02,152,
[세미나] MagentaRobotics딥러닝 기술 세미나,17.05.31,197,
유실물 찾아 가세요-2017.5.30.현재 컴퓨터공학과,17.05.30,285,
2017학년도 하계 CRC(CNU Readers Club) 프로그램 신청 안내(접수기한: ~2017.6.16(금) 18시),17.05.30,271,
[SW시업단] SW사업단 근로학생 모집,17.05.30,253,
[3학년이상 인턴] 2017년 ETRI 하계 연구연수생(청년인턴) 채용공고 안내 (접수기한: 5.30(화) 18시 까지),17.05.29,277,
[특강][국방ICT사업] 전문가 초청 "위성기반 군통신 기술" - 2017.5.30.(화) 16시~18시 공2435호,17.05.26,154,
[대회] 제15회 임베디드 소프트웨어 경진대회 (2017.5.15.~11.18.),17.05.26,212,
[SW중심대학]기업체 인사담당자 특강,17.05.26,160,
OSS World Challenge 2017 제11회 공개 SW개발자대회 참가 안내 (참가신청: ~6.19(월)까지),17.05.24,163,
[포럼 참가 모집][LINC+사업단] 2017 아시아태평양도시정상회의 (APCS) 청년포럼 (2017APCS YPs' Forum) 참가 모집(2017.5.30(화)까지),17.05.24,127,
[장학][학과추천] 2017년도 (재)KT희망나눔재단 창의혁신리더장학금 미래창조인재 부문 장학생 신청(5.29(월)정오까지),17.05.24,115,
2017년 예비군 향방기본훈련 안내 (우리학과 학부생 6.30(금)  대학원생 6.2(금)),17.05.24,169,
2017학년도 1학기 권역별 취업연계사업(대전/충청권역) 장학생 모집 (학과로 5.26(금) 정오까지),17.05.24,124,
[학과추천] CNU-BC 학기제 글로벌 리더십 프로그램 안내 (학과추천 5.31(수) 11:00까지  일반전형 인재개발원으로 6.2(금)까지),17.05.24,126,
[우리 졸업생 소식] jobsN - "서른 일곱  직장도 구하지 않고 무작정 독일로 떠난 부부",17.05.20,329,
[장학] 2017학년도 2학기 국가장학금 신청 일정 안내,17.05.18,189,
[근로장학] 2017학년도 제1학기 국가근로장학사업 학생 2차 희망근로기관 신청안내 (~2017.6.2(금) 까지),17.05.18,137,
[근로장학] 2017학년도 2학기 1차 국가 교육근로장학사업 학생 신청기간 안내 (~2017.6.16(수) 18시까지),17.05.18,163,
[부.복수전공] [SW중심대학사업단] 연계전공 설명회 개최안내 (5.18(목) 17시),17.05.17,131,
[국방ICT특강] "심우주 및 달 탐사를 위한 통신 기술" 2017.5.18(목) 16시~18시  공2435호,17.05.15,142,
[대회] [SW증심대학사업 공지] 여름 스타트업 인턴 연계 코딩대회 참여 안내,17.05.15,236,
[5/15(월)특강 : 졸업생 특강(공기업 취업 준비에 대한 상세한 설명 예정],17.05.12,180,
[장학] 2017 국가장학금(이공계) 수능우수유형 신규 장학생 선발 안내(~5.10.(수) 18시 필히 엄수),17.05.02,166,
[ACE사업] 2017년 전공별 맞춤형 비교과 프로그램 지원 사업(접수기간: 학과사무실로 5.17(수) 18시 까지),17.05.02,142,
[ACE사업] 2017년도 6대 역량별 비교과 동아리 지원 사업 (신청기간: ~5.31(수)까지),17.05.02,125,
2017 DAEJEON-BRISBANE SISTER CITY 장학생 선발 계획 (지원기간: ~5.8(월) 18시까지),17.05.02,3352,
[1학년 신입생] 2017학년도 CNU-RC 신입생 추가 모집 안내 (~2017.5.2(화)까지),17.05.01,140,
[세미나] [Atents] 게임 취업전략 세미나 (2017.5.13(토) 13:00~16:00),17.04.28,235,
[대회] 제29회 글로벌SW공모대전 (~2017.8.31.까지 접수),17.04.28,251,
[대회] 2017 삼성 투모로우 솔루션 ~2017.5.25. 18시까지),17.04.28,208,
[장학] 2017학년도 제1학기 우리다문화장학재단 장학생 선발 안내 (신청기간: 4.21(금)~5.4(목) 17시),17.04.24,128,
[대회] 2017년 「R-BIZ Challenge」대회 요강 (대회기간: 2017.9.14(목)~9.16(토)),17.04.24,216,
[2017신입생] 정보통신원과의 GPS 참여 신청 안내 (~2017.5.8(월)까지) 학과사무실로),17.04.21,141,
2017년 하기 국가 교육근로장학 취업연계 중점대학사업 운영계획 안내 (학생신청 5.8(월)~5.21(일)),17.04.20,149,
[대회] MIDAS Challenge 2017 모집공고 (응모기간: 2017.4.14(금)~5.8(월) 18시 까지),17.04.17,214,
[세미나] 대전지역 대학생을 위한 "데이터 과학자" 세미나 안내 (2017.4.21(금)14:00~17:30),17.04.11,215,
[유학] 캐나다 리자이나대학 유학설명회 개최 안내 (2017.4.19.수 오후4시),17.04.10,199,
[4학년] 2017 빅데이터 엔지니어 청년 교육생 모집 (신청4.10.~5.19(금)까지  대전 교육장소: 우리학과 실습실),17.04.10,264,
[ACE사업] 2017학년도 1학기 일취월장 학습법 워크숍(생애주기 단계별) 실시,17.03.30,158,
[장학] 2017년도 (재)인천인재육성재단 장학생 선발 안내 (등기제출기한: 4.21),17.03.30,167,
[4학년] 2017년 8월 및 2018년 2월 졸업 예정자의 졸업 앨범 촬영 수요조사 (촬영: 2017.4. 13. 오전10시)),17.03.29,308,
[박람회] IBK중소기업 주최-2017년 중견/중소기업 채용박람회 맞춤 취업교육 (학과연락: 3.30(목)까지),17.03.29,166,
[행사안내] SW사업단 참여-국민대학교 주최 스타트업 위켄드 행사 (참가신청: ~2017.4.21(금)정오까지),17.03.29,174,
[신입생] 2017년 공과대학 신입생 OT 및 플리마켓 행사 참여 안내 (2017.3.30(목) 09:30~),17.03.27,207,
[해외인턴십] [한이음ICT멘토링] 2017년 핀란드 해외인턴십 참여학생 모집 (신청기한 ~2017.3.31.까지),17.03.24,210,
반도체 기반 IoT 플랫폼 설명회 개최(삼성 IoT HW 플랫폼 ATRIK 활용) 안내(2017.03.23(목)),17.03.20,200,
[3 4학년 대상] 제7회 TOPCIT 정기평가 응시 안내 (접수:4.3(월)~4.7(금)까지  시험일 5.20(토)오전),17.03.20,186,
[행사 참석 안내] 대학생 빅데이터 아이디어 공모전에 대한 심사 및 시상식 참여 안내(4.5(수)10:00~12:00),17.03.16,211,
[해외교환] 제20기 미래에셋 해외 교환장학생 대학 추천자 선발,17.03.16,181,
(2017.3.31.수정 공고) 2017학년도 1학기 성적경고자 튜터링 프로그램(CRT_ CNU Restart _Tutoring) 프로그램 참여 희망 튜터 모집(~4.5(수)까지)),17.03.15,236,
(2017.3.29.학과조교 GPS는 마감) 컴퓨터공학과 신입생(1학년 신입생 및 편입생) 대상  학과 조교(교직원)와의 멘토링 프로그램 안내,17.03.14,264,
[특강] 우리학과 겸임교수이신 오기영 교수님의 신입생 대상 특강 (2017.3.15(수)19:00~ 백마홀),17.03.14,275,
[신입생] 2017년도 CNU RC 신입생 프로그램 참여 협조 요청,17.03.13,332,
[장학] 2017-1학기 미래국제재단 선~한 인재지원 프로그램 장학생 선발 안내,17.03.10,188,
[인턴모집 공고 : 임베디드시스템연구실 : 3월 10일(금)까지],17.03.03,343,
[장학] 2017-1학년도 제1학기 국가장학금 2차 신청 안내 (~2017.3.9까지),17.02.27,221,
[학부연구생 모집]사이버보안랩(원유재교수님) 학부 연구생 모집(3월10일까지),17.02.23,447,
컴퓨터공학과 2016학년도 전기 학사 학위수여식 (2017년 2월 24일 (금) 11:00~ 13:00),17.02.22,333,
[동아리] 신생 동아리 Almighty 모집공고,17.02.16,516,
[신입생] 2017학년도 신입생 인성 및 학습진단 검사 의무 실시 안내 (2017.2.13(월)~2.24(금)까지),17.02.15,232,
[한국인터넷진흥원] 'K-Global 시큐리티 스타트업(창업·개발 지원 분야)' 공모  모집 안내 (2017.2.9~3.17),17.02.15,227,
[졸업생] 2016전기 컴퓨터공학과 학사학위수여식 안내 및 가운대여 안내 (가운 2.15(수)까지 신청),17.02.09,850,
[신입생] 2017학년도 공과대학 및 컴퓨터공학과 신입생 오리엔테이션 안내 (2017.2.15(수) 09:00~19:00),17.02.09,459,
[장학] 2017학년도 제1학기 백마장학회 장학생 선발 안내 (2017.2.15(수) 24시 마감),17.02.06,249,
[국가근로] 「2017학년도 제1학기 국가근로장학생(장애학생 도우미 지원 유형)」도우미 모집 안내 (2017.2.10(금)17시 마감),17.02.06,189,
[초청세미나] Intrusion Detection Techniques based on Network (최상용 교수 2월 6일(월)~7일(화)  17:00~19:00),17.02.01,205,
[국가근로] 동기 국가근로장학 취업연계 중점대학 사업 안내 (기업별 마감까지),17.01.12,304,
[해외] 2017학년도 캐나다 앨버타대학 방문학생(5월 시작) 모집 안내 (지원 1.11(수)까지),17.01.05,376,
[장학] 2017학년도 푸드스마일즈 우양 자매애 신규 장학생 선발 안내 (접수기한: 1.20금 까지),17.01.05,229,
성공하는 대학생들의 7가지 습관(7Habits) 홍보,17.01.05,232,
예비스타트업 기업을 위한 글로벌 경영전략 시뮬레이션 교육,16.12.16,188,
예비창업자를 위한 「새싹창업캠프」 모집 안내,16.12.16,182,
[아르바이트] 교내 공용프린터 관리학생 (월 50만원) (12.15(목)까지)-종료,16.12.13,455,
[학부생 연구연수생 모집] ETRI(한국전자통신연구원) 겨울방학 중  연구연수생 모집(12.9(금)까지),16.12.08,398,
[수요조사] 충남 대학생+공공기관 일석이조 청년희망드림사업 수요조사 (12.7(수)16시까지),16.12.06,271,
[여학생 대상] SW Welcomes Girls 2016 - 해커톤 (대회일:12.17~18  신청: 선착순80명 ~12.12(월) 17시까지),16.12.05,200,
[3 4학년] TOPCIT 정기평가 응시 학생의 제출 서류 안내 (신청서 제출 기한:2016.12.7(수) 18시까지~),16.11.28,297,
[초청강연] 오픈 소스 소프트웨어에 기여하기 (전수현 개발자님 11.28(월) 오후3시-4시),16.11.28,223,
[참석안내] 2016창의SW축전-기업 및 채용 설명회 "(주)모비젠" "(주)파미" "에이치투오시스템테크놀로지(주)" "(주)시스메이트",16.11.20,333,
[세미나] 카이스트 - 한국인터넷진흥원 핀테크 세미나 2016.11.29(화) 16시~18시,16.11.18,268,
[학과] 2016 DevDay 참가팀 명단 확인 (대회장 입실 2016.11.19(토) 09:50까지 입실. 10시정각 문 잠금),16.11.17,545,
[학과] 2016 창의작품경진대회 참가팀 최종 확인 (2016.11.16.현재),16.11.16,453,
[국방ICT] 2016 국방ICT종합학술대회 참가팀 "최종확인" (2016.11.16.현재),16.11.16,276,
[학과] 2016 국방ICT종합학술발표회 "구두발표"작품 및 "포스터발표" 작품 안내,16.11.11,481,
[학과] 창의작품경진대회 및 국방ICT종합학술대회 포스터 양식 및 샘플 안내  제출방법 안내,16.11.11,551,
[학과] 2016 창의작품경진대회 참가 신청 팀 목록 확인,16.11.09,527,
[학과] 2016 국방ICT종합학술발표회 참가 신청 팀 목록 확인,16.11.09,357,
[취업연계] 2016년도 동기 국가근로장학 취업연계 중점대학 사업,16.11.07,215,
[ACE사업] 3차년도 비교과 영역 "CDP(커리어 디자인 프로그램)" 안내 (신청기간:~11.9(수)까지),16.11.07,162,
[인재개발원] CNU-BC(블룸필드대학) "학기제" 글로벌 리더십 프로그램 참가자 추천-11.11(금) 공대 마감,16.11.04,249,
[학과] 2016 동아리 연합 성과 발표회 준비 안내 (평가자료제출: 11.18(금) 18시까지),16.10.31,313,
[학과] 2016 창의작품경진대회 참가 신청 안내 (2016.11.3(목)까지 직접 제출),16.10.31,754,
[국방ICT] 2016 종합학술대회 참가 신청 안내 (2016.11.4(금)까지 이메일 제출),16.10.31,423,
[도서관] 대출 도서 미반납자 (빠른 반납 처리 바랍니다),16.10.31,426,
[창의SW축전] 2016년도 컴퓨터공학과 DevDay-창의작품경진대회-동아리연합성과발표회 개최 안내,16.10.29,534,
급!! 국방ICT의 학생지원 프로그램인 취업 연계형 실무프로젝트에 참여할 학생을 구합니다.(11.1(화)18시까지),16.10.28,374,
여대생커리어개발센터 프로그램(10~11월) 홍보,16.10.21,177,
[해커톤] (KISA) IoT Security + Hackathon 개최 안내(업데이트) (접수기한: 2016.10.28(금)까지),16.10.21,230,
[장학] 2016년도 제2학기 서울희망장학금 대학분야 선발 안내 (2016.10.28(금)까지),16.10.20,191,
[장학] 제5회 행복나눔 장학금 장학생 선발 안내 (신청기한: 2016.12.11(일)),16.10.20,207,
[장학] 2017년도 재단법인 관정이종환교육재단 신규 장학생 추천(기한: 2016.10 26(수)까지),16.10.20,313,
[장학]「2016 미국 대학원 유학 및 Fulbright 장학금 설명회」개최 (2016.11.2(수) 14:00),16.10.20,182,
[LINC사업단] 2016년도 CNU-Startup 왕중왕전 경진대회 참가자 모집 (10.21(금)17시까지),16.10.20,170,
[국제교류부] 어학인재양성프로그램(GHP) 가을과정 토익반 학생 추가 모집 (마감: 2016.10.24(월)18시),16.10.20,153,
[국가근로] 2016년 국가근로 취업연계 중점대학 사업 동기집중근로 모집 (10.17(월)~기업별 모집 마감시 까지),16.10.20,181,
[행사] 우리학과 핀테크보안 연구센터 개소식 초대 (2016.10.24(월) 16:00~),16.10.20,211,
2016년 충남대학교 올해의 공대인상 "학생부문" 추천/신청 안내 (2016.11.2(수)까지),16.10.20,248,
[SW중심대학사업단 SW봉사단] 2016-2학기 컴퓨터공학과 SW봉사단 학생 추가 모집 공고 (10.31(월)까지),16.10.18,300,
[동아리] “2016 CNU OPEN CAMPUS” 충남대학교와 함께하는 자유학기여행 참여 신청 모집(10.18(화) 정오까지),16.10.14,249,
[교육] SW테스팅 전문가(국제자격증인 ISTQB 자격 취득 연계)교육 안내 (교육기간: 11.22(화)~11.25(금)),16.10.13,266,
[교육] 대전진흥원「공개 Software Redmine을 활용한 프로젝트 관리 실무」 수강생 모집(~10.18(화) 18시까지),16.10.13,183,
공개 Software인 Redmine을 활용한 프로젝트 관리 실무교육 수강생 모집(무료),16.10.13,232,
[교육프로그램] 미래 인재양성 프로그램-데이터 사이언티스트 과정 안내(교육기간 2016.10.20~2017.4.28),16.10.12,188,
[ACE사업] [학과추천] [ACE] 2016년도"CNU STRONG 창의인재양성 프로그램" 참가학생 추천 (10.13(목)18시까지),16.10.11,193,
[국제교류본부] 2016학년도 겨울방학 영어단기연수 프로그램 참가 학생 모집 (접수:2016.10.12(목)18시까지),16.10.11,258,
[독감백신 접종] 2016년 독감예방접종 안내 (포탈-통합정보시스템 신청 ~10.13(목)까지),16.10.10,272,
[국제교류본부] 2016학년도 일본 해외파견 프로그램 학생모집 안내 (~10.7(금)16시까지),16.10.06,210,
[국제교류본부] 주한영국문화원 주관「영국 유학 및 장학 프로그램 설명회」개최 (설명회10.14(금) 14:00~21:00  참가신청10.12(수)까지),16.10.06,241,
[외국인 유학생 및 대전 거주 학생 대상] 2016년도 하반기 성취 및 외국인 유학생 장학생 선발 안내 (10.5.~10.26.까지),16.10.06,184,
IoT 정보보호 해커톤 개최 안내,16.10.05,207,
[국가장학금] 2016학년도 2학기 국가장학금 재학생 구제신청서 제출 안내 (~2016.11.22(화)자정까지),16.09.26,223,
[장학추천] 2016학년도 제2학기 우덕재단 장학생 신청 안내 (9.26(월) 정오까지),16.09.23,270,
중학생 자유학기 SW교육체험 앱인벤터 튜터 모집(장소 : 413호),16.09.23,353,
대전정보문화산업진흥원 「SW테스트 전문가 양성교육 및 ISTQB 자격검증」 무료 교육 수강생 모집 공고,16.09.22,305,
[대회] 제8회 아이디스-전자신문 ICT 논문 & 발명 PPT 공모 대제전(9.30 접수마감),16.09.20,224,
[공모전] 대전 스마트콘텐츠 공모전 & 콘텐트 톡톡상상 페스티벌 참가 안내(~9.30(금)까지),16.09.20,208,
[ACE] 2016학년도 2학기 CNU 글쓰기&영어 클리닉 운영,16.09.19,174,
[국제교류부] 국외(아시아_유럽 지역) 파견 교환학생 2차 추가모집 (2017년 1학기 파견) (9.23(금)까지),16.09.19,230,
[3학년 재학생] [ACE] 2016년도 대학생 핵심역량진단(K-CESA)평가 실시 (선착순 50명),16.09.19,164,
[장학] 2016년도 하반기 대구광역시 달서구 장학생 선발 안내 (10.3.~10.4. 18시까지),16.09.19,214,
[박람회] 2016 프랑스 교육 박람회 행사 (2016.10.16(일) 13:00~18:00),16.09.19,148,
[한국국제교류단] 2017 KF 글로벌 챌린저 모집,16.09.19,219,
[국제교류본부] 2017 KF 글로벌 챌린저 모집 안내 (프로그램설명회 9.23(금) 10:00~),16.09.13,180,
[3 4학년 대상] 제6회 TOPCIT 정기평가 응시 안내 (접수:9.19(월)~9.30(금)까지  시험일10.29(토)),16.09.12,211,
[ACE사업] 2016년 CNU Fitness Course 운영 안내,16.09.12,236,
[연구장학생] 제14기 현대차그룹 하반기 연구장학생 모집 (충남대) (온라인접수 9.19(월)까지),16.09.09,323,
[경시대회] 학과로 알려주세요- 2016 ACM-ICPC 한국지역대회 (등록기한: 9.13(화)까지),16.09.09,259,
[SW중심대학사업] DASP 시험 대비 무료 특강 개설 안내 및 수강자 모집,16.09.07,352,
[경진대회] LG CNS CODE MONSTER(대학생 IT 경진대회),16.09.02,496,
[대회] 미래창조과학부 주최: 코스해커톤 대회 안내 (신청: ~9.20.까지),16.09.02,216,
2016 예비군 향방기본 1차 보충훈련 소집 통지서 수령 안내 (~9.8(목) 18시까지 학과사무실)-명단추가,16.09.02,266,
[2 3학년] 취소 안내-컴퓨터공학과 2 3학년 교내 MT,16.09.01,317,
[SW중심대학사업] 오픈소스 소프트웨어 특강,16.08.29,392,
[SW중심대학사업] 재공고 Java (상속  인터페이스 다형성) 특강,16.08.29,475,
[SW중심대학사업단] 찾아가는 SW 교실 튜터모집(9월),16.08.25,341,
컴퓨터공학과 동아리 MOTION 주최  Collathon: Make it cooperative (접수마감: 2016.9.3(토)까지),16.08.23,265,
[국제교류부] 국외(북미) 자매대학 파견 교환학생 추가 2차 모집(2017학년도 1학기 파견),16.08.22,223,
[교환학생] 국외(아시아_유럽 지역) 자매대학 파견 교환학생 모집 (2017년 1학기 파견),16.08.22,176,
[ACE사업] "수정안내"-2016 전공별 맞춤형 비교과 프로그램 지원 사업 실시 안내 (신청서제출: ~9.7(수) 18시까지),16.08.22,165,
[외국인학생] 보험가입 안내 (가입 신청 및 납부: 2016.8.18(목)~8.24(수)),16.08.22,173,
[졸업프로젝트] 2016 공대 캡스톤디자인 졸업작품 경진대회 참가팀 확정 안내-최종,16.08.22,744,
[박람회] IT EXPO BUSAN 2016 (2016.9.7(수)~9.9(금)),16.08.22,173,
[핀테크보안 연구센터]사이버 봉사단 모집 공고,16.08.18,572,
[공모전] 노루기반시스템즈 2016 대학생 ICT융복합 Software 공모전(접수8.16(화)~8.31(수)),16.08.18,295,
「SW테스트 전문가 양성교육 및 ISTQB 자격검증」 수강생 모집 (~9.1(목)까지),16.08.17,274,
[삼성전자] 삼성 아틱 기술경진대회 (IoT Innovation Challenge) (2016.8.25(목) 자정까지),16.08.17,180,
SW테스트 전문가 양성교육 및 ISTQB 자격검증 교육 안내(무료),16.08.17,337,
제3회 대한민국 SW융합 해카톤 대회 (대회일정: 2016.9.2.~9.4.),16.08.09,280,
제1회 부산 ICT융합 해카톤 대회 모집공고(대회: 20160907-0909),16.08.09,205,
「2016년 하반기 한미 대학생 연수(WEST) 프로그램 설명회」개최(참가신청기한:8.4(목)),16.08.03,281,
2016 하계 Node.js 특강 일정과 장소 공지,16.08.02,277,
2016 하계 알고리즘 특강 일정과 장소 공지,16.08.02,344,
[졸업프로젝트] 2016 캡스톤디자인 졸업작품 경진대회 참여 신청 안내(2016.8.16(화) 18시),16.08.01,402,
[여대생] 여대생커리어개발센터 프로그램(8~9월) 홍보,16.08.01,184,
[장애학생] 2016학년도 제2학기 장애대학생 도우미 지원 신청 안내(8.3(수)17:00),16.07.27,166,
컴퓨터과학적사고 교과목 개설 안내(2016학년도 2학기),16.07.21,574,
[SW사업 및 LINC사업] 창조경제혁신센터 주관 "2016 스마트 창작터 교육생(창업자) 모집 7.27(수)까지 신청),16.07.20,160,
[SW중심대학] 제1회 SW중심대학 창업CAMP 참여 신청 안내(신청기한:7.31(일)까지),16.07.18,283,
[학자금] 2016년 2학기 정부 학자금대출 조기 신청 안내 (등록 마감 최소 4주 전까지),16.07.14,173,
[국가근로] 국가근로장학사업 (㈜쎄트렉아이) 학생모집 ? 컴퓨터공학 관련(신청 7.15(?) 오전11시까지),16.07.14,345,
[SW중심대학] (긴급)2016학년도 학부생 튜터(행사 동영상 및 사진 촬영) 모집,16.07.14,284,
2016학년도 대정장학재단 장학생 선발 안내 (접수기간:7.8(금)~7.22(금),16.07.12,188,
2016 하계방학 알고리즘 특강,16.07.12,511,
2016 하계방학 Node.js 특강,16.07.12,439,
SW융합소나타캠프(7.26~27) 진행요원(튜터) 학생 모집,16.07.12,455,
[한국경제신문] NHN 엔터테인먼트 취재동행에 관심이 있는 학생 모집(방문일시: 7.12(화)10시~14시),16.07.11,320,
[실태조사 선물증정 선착순] 2016년 ICT 산업기능요원의 수요파악을 위한 실태조사_인력조사(대학생),16.07.06,381,
[경진대회] 제3회 해카톤 대회 안내,16.07.05,289,
모든 재학생 필!! 국방ICT 사업_2016 한국 대학생의 교수학습과정에 관한 설문조사 요청 (~7.15(금)),16.07.04,345,
[장학] 2016학년도 5.18기념재단 장학사업 안내 (7.11(월)~7.15(금)),16.06.29,257,
[장학] (재)현대차 정몽구 재단 북한이탈 장학생 선발 안내 (제출기한: 7.8(금)),16.06.29,288,
2016학년도 국가근로장학사업 주요 변경 사항 안내,16.06.24,257,
2016년 충청남도 도비유학장학생 선발 안내 (2016.9.1.~9.30),16.06.24,224,
산학협력 선도대학(LINC)육성사업 현장실습(백마인턴십) 수기 공모전 참가 안내 (~7.1(금) 18시까지),16.06.24,205,
2016년 삼성드림클래스 하반기 주중·주말교실 대학생강사 추가 선발 안내 (6.27(월)10:00까지 접수),16.06.23,228,
SW중심대학사업단 찾아가는 SW교실(7월) 튜터 모집,16.06.22,413,
[멘토링] 2016 프로보노ICT멘토링 멘티모집 안내 (~6.30.까지),16.06.21,471,
[국제교류부]「주요 국가 학생 초청 연수」학생 도우미 모집 (6.20(월)~6.26(일)까지),16.06.21,204,
[국가근로장학] 국가근로장학사업 "기업: (주)쎄트렉아이" 학생 모집 (급!! 6.21(화)부터 근무),16.06.17,354,
[경진대회] 대한민국 히든챔피언 기업과 함께하는 대학생 아이디어 경진대회 (접수: 8.16(화)까지),16.06.17,236,
[국가근로장학] 2016-1 국가근로장학사업 취업연계 및 장애도우미지원형 신청기간 안내 (~8.24까지),16.06.17,222,
[국가근로장학] 국가근로장학사업 "기업: 스마트비투엠" 학생 모집 (급!! 6.21(화)부터 근무),16.06.15,274,
삼성 대학생 프로그래밍 경진대회(SCPC),16.06.14,353,
제4회 전국 대학생 앱 개발 챌린지(K-HACKATHON) 등록,16.06.14,229,
[ACE사업] 2016년도 하계 CNU 학습동아리 사업 실시 (신청기간: ~6.20(월)),16.06.14,218,
[장학] 재단법인 충남대학교 총동창회 장학재단 2016학년도 2학기 장학생 선발,16.06.10,263,
[인턴십] !!! 세림티에스지(주) 2016 여름 현장실습 실시 안내 (이력서+자기소개서/신청기간: ~6.15(수)까지),16.06.09,371,
[외국인학생] 외국인 유학생 TOPIK 장학금 신청 안내,16.06.08,214,
[ACE사업] 2016-하계 CRC(CNU Readers Club) 프로그램 신청 안내 (~6.15(수) 18시 까지),16.06.08,179,
[예비역] 대학(원)생 예비군 훈련 관련 안내,16.06.08,298,
[초청세미나] 글로벌 ICT 기업의 흥망성쇠로 본 ICT 파라다임 변화 (6.8(수)16:00~),16.06.07,277,
[외국인학생 대상] 지역 중소기업과 유학생 간 상생 캠프 참가자 모집 (~6.12(일)18시까지),16.06.03,182,
[지역장학금] 서울시 대학생 학자금 대출이자 지원 신청 안내 (6.30(목)까지),16.06.03,196,
[국제교류뷰] 「ASEAN 국가 우수 이공계 대학생 초청연수」학생도우미 모집 (~6.9(목)18시 까지),16.06.03,156,
[멤버십] 2016 스마일게이트 멤버십 모집 (5.30(월)~6.15(수)까지),16.06.03,182,
[인턴십] 에어리퀴드 코리아 2016 여름 인턴십 프로그램 안내 (6.12(일)까지),16.06.03,262,
[학과추천] 2016 (재)케이티 희망나눔 미래창조인재 부문 장학생 선발 (6.1(수)까지),16.05.27,246,
2016년도 예비군 향방기본훈련 대학(원)별 일정 안내,16.05.27,538,
[개인상담] 충남대학교 인권센터 "심리 및 진로 개인상담" 안내,16.05.26,596,
[국방ICT] 전문가 초청 강연회 안내 (6.3(금) 16:00~17:30),16.05.26,206,
[시스템 구조 및 보안 연구실] 학부생 중심 산학협력 프로젝트 참여 인원 모집,16.05.26,252,
삼성전자 주니어 소프트웨어 창작대회 청년 서포터즈 모집,16.05.25,310,
[기초교양교육원] 2016년도 일취월장 학습법 워크숍(글로벌 역량 강화) 실시 (6.7(화)15:00~18:00),16.05.24,180,
[장학] 2016-2학기 1차 국가근로장학사업 학생신청 안내(6.14(화)18시 까지),16.05.24,182,
[장학] 2016년 삼성소리샘복지관 장학금 지원사업 안내 (신청기한: 5.31(화)까지),16.05.20,228,
[동아리] 2016 통일동아리 활동 지원 안내 (6.3(금)까지 신청),16.05.20,182,
SK telecom 제 39회 개발자포럼 5G & Sensor Network (행사 5.24(화)),16.05.20,234,
2016년 삼성드림클래스 여름캠프 대학생강사 선발,16.05.18,224,
[대학추천] UST 연구인턴십 선발 공고 (5.26(목)까지 학과사무실),16.05.17,266,
방학 특강 수요조사 (컴퓨터공학과 3학년 대상),16.05.17,269,
[대회] 삼성 대학생 프로그래밍 대회 (참가신청: 2016.5.26.~6.23.),16.05.17,217,
임베디드시스템연구실-임베디드소프트웨어 보안 프로젝트 참가자 모집,16.05.16,241,
[3 4학년] ETRI 양자창의연구실 하계 연구 연수생 모집 (5.18.까지),16.05.12,315,
SW중심대학사업단 뚝딱뚝딱SW공작소 튜터 모집 공고,16.05.10,384,
[신입생] 2016년도 신입생 네오성격검사 단체 해석 워크숍 안내 (5.12(목) / 5.17(화)),16.05.04,338,
[장학] "기관별 업무 및 모집인원 파일 추가" -2016년 대전드림(Dream) 과학인재양성사업 장학생 선발 안내 (5.9(월) 정오까지),16.04.29,418,
2016년도 "창의도전형 SW R&D" 지원 사업 공고 (설명회: 내일4.27(수) 13:00~ KAIST),16.04.25,222,
우리다문화장학재단 장학생 선발모집 안내 (~4.27(수)까지),16.04.22,190,
[2학년] [ACE] 2016년도「CNU STRONG 창의인재양성 프로그램」참가학생 선발 (신청기한: 4.26(화)정오까지),16.04.22,189,
[외국인학생] 한국어교육원 프로그램 홍보,16.04.22,207,
[4학년] 2017년 2월 및 8월 졸업 예정자의 졸업 앨범 촬영 안내 (2016.5.12(목) 예정)-교수님들과의 단체촬영은 생략합니다,16.04.22,258,
2016년 학자금대출상환 장학생 선발 안내 (접수기간: 2016.4.15.~5.25),16.04.22,264,
**** NHN엔터테인먼트 인턴생활(학과내 선발자) 소식,16.04.21,454,
[마이다스아이티] 2016 소프트웨어 개발 경진대회 (~4.26(화) 18시 까지),16.04.21,230,
2016년 국비유학(연수)생 선발 안내 (2016.5.20(금)까지 국제교류부로 서류제출),16.04.19,211,
T아카데미 대전캠퍼스 모바일 전문가 과정 모집(2016.4.18(월)~5.8(일)),16.04.19,224,
[SW중심] 초등학교 SW 교육 도우미 모집 (4/21  2시간),16.04.12,439,
창의SW설계실 오픈,16.04.11,331,
[우리학과 4학년 대상] 선박해양플랜트연구소 학부실습생 모집,16.04.07,274,
[SW중심] 2016년 대전시 초중등 교장/교감 SW리더십 워크숍 행사 도우미 학생 모집,16.04.04,332,
[SW중심] 2016년 대전시 초중등 교장/교감 SW리더십 워크숍 교육 보조 학생 모집-마감,16.04.04,315,
[경진대회] 소프트웨어 개발 경진대회-2016 MIDAS Challenge (접수기간: ~2016.4.26(화) 18시까지),16.04.04,253,
2016 CNU 창업동아리 모집 안내 (~2016.4.29(금)까지),16.04.04,172,
제5기 장애인 인식개선 대학생 서포터즈 모집 안내 (~2016.4.29.까지),16.04.04,187,
2016년 이공계 분야 치업 탐색 멘토링 여대학(원)생 멘티 모집 (4.10(일)까지),16.03.30,258,
2016년 외교부 재외공관 공공외교 현장실습원 파견 사업(접수기한: 3.31(목)18시까지),16.03.28,224,
[한이음] 2016년도 핀란드학생교환프로그램(TEP) 참여학생 모집(~4/13까지),16.03.28,312,
제 5회 China Software Cup (Software Design Competition for College Students) 참여 안내,16.03.22,466,
[컴공4학년 및 3학년] TOPCIT(ICT역량지수) 대학순회 설명회 및 특강 (3.23(수) 20시~22시),16.03.22,242,
창의SW설계실 활용 아이디어 및 의견 수렴,16.03.22,265,
[3월 21일 1시 취봉홀] 이준영 구글러의 토크콘서트 "실리콘밸리를 꿈꾸는 후배들에게",16.03.16,439,
심리학과 학생들과 함께하는 '니얼유' -고민 같이 합시다,16.03.16,307,
[SW중심대학] 창의SW설계실 근로학생 모집 (마감),16.03.12,456,
[국제교류본부] 국외(아시아_유럽) 자매대학 파견 교환학생 추가 모집(2016년 2학기 파견) (~3.15(화) 16:00까지),16.03.11,234,
[봉사활동] 2016년도 장애가정청소년 '성장-mentoring'사업 멘토(봉사자) 모집 (3.22(화)까지),16.03.11,216,
[박람회] 대전.충남권 우수기업 채용박람회 참여 안내 (3.14(월) 대전시청),16.03.11,240,
[국제교류본부] 제 18기 미래에셋 해외 교환장학생 대학 추천자 선발 (~4.12(화)17시 까지),16.03.11,166,
[ACE사업] 2016-1학기 CRC(CNU Readers Club) 프로그램 신청 안내 (~3.23(수)까지),16.03.11,345,
[ACE사업] 2016학년도 1학기 학업UP 상상 튜터링 신청 안내 (접수 3.14(월) 18시 까지),16.03.10,214,
3층 SW창의 설계실 사용방법 설문조사,16.03.10,269,
[경진대회] 구글 코드잼,16.03.04,616,
2016학년도 신입생 오리엔테이션 안내 (2.16(화)),16.02.05,335,
[SW중심대학]오픈소스 튜토리얼 안내(2.19-20),16.02.05,409,
「생명을 구하는 안전체험」참여 홍보,16.02.04,220,
2016-1학기 국가근로장학생 희망근로지 신청 안내,16.02.04,260,
2016-1학기 국가근로장학사업 국가근로장학생(장애학생도우미지원유형) 모집,16.02.04,195,
2016년 평생교육사 자격증 발급 신청 안내,16.02.03,177,
[SW중심] 2015동계 백마인턴십 참여학생들 대상  별도 결과보고서 제출 요청(2 3(수) 16시),16.02.01,373,
[사이버보안실무교육] 2월 4일 - 5일  추가모집,16.01.31,426,
Weekend Academy 모바일앱 강의자료,16.01.30,251,
[미래창조과학부] 블로그 기자단 모집,16.01.30,231,
[충남대발전기금재단] 2016년 CNU 1대1 장학멘토링운동 멘티장학생 추천(2.1(월)까지),16.01.29,267,
[국제교류부] 2016년 1학기 초청 교환학생 도우미 모집 (~2016.2.5(금)까지),16.01.29,232,
[사이버보안 실무특강] 2월 4일 ~ 5일  2일간,16.01.28,338,
[장애학생지원센터] 2016-1학기 장애대학생 도우미 지원 신청 안내(2.3(수) 17시마감 엄수),16.01.26,210,
[3M]2016 3M INF Challenge 공모전 및 3M Korea 연구소 투어 모집,16.01.21,229,
[SW중심] 일반인대상 특강 튜터 모집 안내 (1.22(금) 정오까지),16.01.20,306,
[SW중심대학] SW중심대학 Startup(스타트업) 창업 컨퍼런스 안내,16.01.19,375,
한국사능력검정시험 대비 동영상 강좌 제공 안내,16.01.19,265,
[SW중심대학+국방ICT] 동계방학 실리콘밸리 엔지니어 초청 빅데이터 프로그래밍 특강 일정,16.01.14,492,
[ACE사업] 몸짱 만들기 프로젝트 실시 안내,16.01.12,360,
[교육 추천] 2015학년도 정보화교육 지원 학생 추천 (1.14(목) 18시까지),16.01.12,277,
알고리즘 특강(코드잼 대비) 수강전 필수 사항 공지,16.01.12,471,
[SW중심대학]주니어 창의작품경진대회 결과보고서 제출 변경 안내(1월19일까지로 변경),16.01.10,640,
[SW중심대학]글로벌 SW인재트랙 최종선발명단 및 안내공지(1/20),16.01.08,640,
[ACE사업단]몸짱 만들기 프로젝트 실시 안내,16.01.08,245,
[3  4학년] 추가모집-소프트웨어 테스팅 교육-국방ICT특성화사업,16.01.07,279,
[국제교류본부] 2015학년도 하반기 글로벌인재양성 해외파견 2차 추가모집(설명회2016.1.14(목) 16시),16.01.07,248,
[SW중심대학]코드잼 대비 알고리즘 특강 신청 안내,16.01.06,693,
외국인 학부 재학생 TOPIK(한국어능력시험) 급수 취득 현황 조사 (2016.1.8(금) 정오까지),16.01.06,418,
2016학년도 제1학기 학생생활관 재학생 입사 선발 안내 (1.10(일)까지),16.01.05,389,
재단법인 충남대학교 총동창회 장학재단 2016학년도 1학기 장학생 선발,15.12.31,261,
2016학년도 (재)러시앤캐시배정장학회 전액정기장학생 제11기 장학생 선발 안내,15.12.31,212,
[SW중심대학]글로벌 SW인재트랙 면접 대상자 면접시간 안내,15.12.31,405,
[SW중심대학]글로벌 SW인재트랙 1차 발표 및 일정 안내,15.12.29,471,
[SW중심대학] MOOC 프로그램 신청 확정 명단-자율 프로그램,15.12.29,578,
[SW중심대학] MOOC 신청 확정명단-Udemy 프로그램(내용추가),15.12.28,520,
[장학] 2016학년도 재단법인 산학협동재단 장학생 신청 (1.4(월) 15시까지 엄수),15.12.28,242,
[국제교류본부] 2016학년도 캐나다 앨버타대학 방문학생 모집공고,15.12.28,277,
[국제교류본부] 국외 자매대학(일리노이공대) 파견(2016년 2학기) 복수학위 및 방문학생 모집 요강,15.12.28,319,
[봉사활동] 대전가원학교 봉사활동 참여자 모집 (~12.30(수)까지),15.12.28,306,
[특성화사업] 3  4학년생 대상 SW 테스팅 교육특강 모집,15.12.24,287,
[글로벌SW인재트랙] 선발관련 공지-주니어경진대회관련,15.12.16,436,
[SW중심대학+국방ICT] 동계방학 실리콘밸리 엔지니어 초청 빅데이터 프로그래밍 특강 신청자 모집,15.12.15,547,
[SW중심대학]주니어 창의작품경진대회 참가신청 안내-신청기한연장,15.12.15,540,
2차 ICDL 국제표준 IT자격증 취득 과정 참여 안내,15.12.15,224,
[LINC사업단] 통계분석특강 및 컴퓨터교육 수강료 지원 참여 안내(~12.31(목)까지 신청),15.12.15,213,
[SW중심대학]MOOC 참여 설명회 안내,15.12.13,309,
[SW중심대학]MOOC 프로그램 신청 안내,15.12.13,493,
[동아리창단] ACM ICPC  Google Code Jam 등 "프로그래밍/알고리즘대회 대비 학생 또는 팀 모집",15.12.10,669,
[산학협력단] 2015년도 '3D 프린팅 활용 교육 및 실습' 안내(선착순),15.12.10,258,
[SW중심대학]글로벌 SW인재트랙 선발 안내,15.12.10,537,
[ACE사업] 2015학년도 동계 CNU 학습동아리 사업 실시 (접수 12.15.까지),15.12.10,238,
2016년도 제1학기 통합신청기간 내 학자금대출신청 안내,15.12.03,186,
[튜터모집] 동기계절학기 "운영체제및실습" 교과목 튜터(12.4(금)까지),15.12.02,308,
[LINC사업단] 해외인턴십 모집 안내 (12.4(금)정오까지),15.11.30,351,
[WISE사업단]NHN엔터테인먼트 인턴쉽 최종 발표 안내,15.11.30,487,
클라우드 서비스 관련해서 공지합니다.,15.11.26,229,
[SW중심] WISE사업단 전문가 초청세미나 안내,15.11.26,219,
[SW중심대학] NHN엔터테인먼트 인턴쉽 테스트 & 면접일정안내,15.11.25,496,
T아카데미 모바일 전문가 과정 개요,15.11.25,230,
[WISE사업단]NHN엔터테인먼트 인턴쉽 테스트 & 면접대상자 공고,15.11.24,620,
'16년(상) 삼성전자 소프트웨어멤버십 신입회원 선발 충남대학교 설명회(11.26(목)16:30),15.11.23,326,
[SW중심] 2015년 자유학기제 박람회 행사 진행 튜터 모집 (11.25(화)),15.11.23,271,
[SW중심]WISE사업단 전공설명회 안내,15.11.23,275,
2015년 겨울방학동안 근무할 근로장학생을 선발합니다.,15.11.20,295,
[학부연구생 모집] 사이버보안랩(원유재교수님) 학부 연구생 모집,15.11.19,591,
2015 창의작품경진대회 참여학생 확인 및 결과물 제출 안내 (11.20(금)까지),15.11.18,1092,
2015 데브데이 참여학생 명단 확인 (대회시작: 2015.11.21(토)10:00~),15.11.18,529,
국가근로 취업연계 중점대학 사업 참여학생 모집 (11.20(금)까지),15.11.17,278,
「CNU 취업동아리 경진대회」안내 홍보 협조 (~11.25(수)까지),15.11.17,206,
[창업] 2015 창업캠프 학생 모집 안내,15.11.17,192,
[SW중심]‘뚝딱뚝딱 SW공작소’행사 진행 튜터 모집 (11.23(월)18시까지),15.11.17,273,
[SW중심] 자유학기제 박람회 행사 진행 튜터 모집(11.23(월)18시까지),15.11.17,238,
[ACE사업] 비교과 영역 「CDP」저학년(1~2학년) 대상 셀프 리더십 과정 운영,15.11.16,234,
[WISE사업단 인턴쉽 선발]NHN엔터테인먼트(선발분야 추가됨),15.11.12,544,
가상직무체험 프로그램-Business Simulation 과정 안내,15.11.10,220,
[국가근로] 2015학년도 국가근로 동계방학 교외집중프로그램 신청 안내(~11.15(일) 까지),15.11.10,260,
[찾아가는 CNU WISE SW교실] 튜터 사전교육 안내(11.11(수) 18:00~18:30),15.11.09,265,
[ACE] 가슴 팍! 복근 쫙! 만들기 프로젝트,15.11.05,380,
[ACE] 지역 문화 체험·인성 프로그램,15.11.05,307,
[장경선 교수님] 학부연구생 모집합니다,15.11.05,450,
[장학재단] 2015년 상상드림프로젝트 운영 및 접수 안내,15.11.05,294,
대전창조경제혁신센터 모바일 전문가 과정 수강생 모집,15.11.05,287,
정보통신원GPS 신청학생 대상 오리엔테이션 (11.6(금) 17:00~),15.11.03,276,
[ACE]지역 문화 체험·인성 프로그램 안내,15.11.03,293,
[튜터모집] 찾아가는 WISE SW교실 튜터 모집 (11.6금 까지),15.11.03,418,
[특강] 증강가상현실과 인문학 (11.6(금) 16:00~ 인문대 254호),15.11.02,308,
2015년도 창의SW축전(구. 창의작품대전) 안내(2015.11.21.~11.27),15.10.29,680,
TOPCIT 정기평가 안내 (2015.10.31(토) 09:10까지 입실 완료!!),15.10.29,284,
[장학] KB국민은행 충남대 재경동문회 장학생 선발(접수 11.13(금)까지),15.10.29,296,
[논문공모] 삼성전자주최 휴먼테크논문대상 (11/3(화)까지),15.10.28,331,
[여학생!!] 3D프린팅 기기교육 (11.10(화)~11.12(목) 중 15:00~18:00 한 번),15.10.27,328,
SW중심대학 사업의 산학협력 프로젝트 학부연구생 모집,15.10.26,444,
[국가근로장학생 모집] (주)휴라 (~10.28(수) 17시까지  선착순),15.10.26,368,
충남대학교 올해의 공대인상 "학생상" 신청 또는 추천요청(10.29(목)까지),15.10.23,386,
[ACE]CNU 영어 클리닉 워크숍(특강) 실시(10/28수  11/18수),15.10.23,251,
[장학] 제4회 행복나눔등록금캠페인 장학생 선발 안내 (11.25수 까지),15.10.22,261,
[교?안내] IPAT 지식재산능력시험 교육 지원,15.10.13,385,
「미국 대학원 유학 및 Fulbright 장학금 설명회」(2015.10.28(수)14시),15.10.13,362,
[자경증과정] ICDL 국제표준 IT자격증 취득과정 참여안내 (신청10.19~11.4까지),15.10.13,278,
[초청특강] 세계과학정상회의 참가 과학 석학 초청 특강(10.20(화)14:00~),15.10.13,291,
[국방ICT] 취업연계 프로젝트참여 학부생모집,15.10.13,352,
2015년도 동계 영어단기연수 참가자 모집 (10.7(수) 18:00),15.10.06,341,
ICT DREAM콘서트 (2015.10.5(월)14:00~대덕홀),15.10.02,376,
[초청강연회] "좋은 코드" 2015.10.2(금) 14:00~15:30,15.10.02,353,
[재공지] ICT실무역량평가_제4회 TOPCIT 정기평가 접수안내(10.7(수) 정오까지 연장),15.09.30,500,
[학생활동] 제 17기 미래에셋 해외 교환장학생 대학 추천자 선발(10.7수 17시까지),15.09.24,287,
[학생활동] 융·복합 창의성 경진대회 설명회 및 특강(10.5월  10.12월),15.09.24,292,
국외(아시아_유럽 지역) 파견 교환학생 프로그램 참가학생 2차 추가 모집(9.25금 18:00),15.09.23,541,
[대회] 대학생 아이디어 경진대회 (접수 10/4까지),15.09.23,691,
[학생활동] 융복합 pre-캡스톤 디자인 학생 참여 신청 안내 (9.25금까지),15.09.22,715,
[국방ICT] 국방ICT융합인력양성사업단 설명회 (2015.9.23(수) 18:00~),15.09.22,690,
LG Code Challenger_(우수 프로그래머 발굴 / 채용 Project),15.09.21,951,
SW테스트 전문가 양성교육(CSTS자격취득 연계과정) 대상자 모집(선착순 10.14(수)까지),15.09.21,942,
TOPCIT 제4회 정기평가 접수 안내 (단체접수 9/23(수)까지),15.09.21,813,
2015년 국가근로장학사업 수기·슬로건 공모전 안내 (2015.10.8(목)까지),15.09.18,808,
[병역] 병역미필학생 필참!! 병무청과 함께 하는 병역 상담(오늘9.17(목) 14:00),15.09.17,961,
[대회] 삼성 대학생 프로그래밍 경진대회(신청: 2015.10.18까지),15.09.17,991,
ICT DREAM콘서트 (2015.10.5(월)14:00~),15.09.16,951,
[국방ICT] 미국 ESC & OSCON 견문록 (9.18(금)),15.09.16,995,
[현장견학신청] 2015 한국전자전 (10.16(금) 킨텍스) (선착순 35명),15.09.15,1121,
[학생지원] [ACE] 2015학년도 2학기 CNU 글쓰기&영어 클리닉 운영,15.09.15,976,
[학생활동] 2015학년도 제 5회 UCC 경진대회 (10.8(목)까지),15.09.14,1005,
[학생활동][ACE]전공별 맞춤형 비교과 프로그램 지원 사업 실시(10.2(금)까지),15.09.11,1245,
[학생활동] 2015학년도 CNU Learning Star 프로그램 실시 (9.24(월)까지),15.09.11,1226,
[특강수요조사] 'S/W역량테스트 특강'  '취업 대비 면접 특강' 수요조사(9/14까지),15.09.11,1381,
공과대학 캡스톤디자인/졸업작품 경진대회 참여학생들에게 알립니다.,15.09.09,1542,
2015 공과대학 캡스톤디자인/졸업작품 경진대회 참여 명단,15.09.09,1640,
2015 CNU Engineering Fair 행사 안내 (9.16(수)),15.09.09,1093,
2015 일반인 창업아카데미 수강생 모집 안내,15.09.09,1288,
[학생활동] CRC(CNU Readers Club) 프로그램 신청 안내(9.18(금) 18:00까지),15.09.09,1213,
[학생활동] 학업UP 상상 튜터링 사업 신청 안내(9.14(월)18:00까지),15.09.09,1142,
[학생활동] CNU학습동아리사업 신청안내(9.14(월) 18:00까지),15.09.09,1176,
2015년도 어깨동무 입학 후 프로젝트 글로벌마인드 지원 프로그램 참가자 모집(9.11금 까지),15.09.08,1038,
재단법인 두을장학재단 제18기 두을장학생 선발,15.08.26,966,
어깨동무 입학후 프로젝트 참가자 모집 안내,15.08.26,1094,
학기 중 학과사무실 근무할 봉사장학생(근로) 신청 받습니다(8.27목 까지),15.08.21,1273,
「글로벌 이노베이터 페스타 2015 참가안내,15.08.20,1170,
두을장학재단 여학생 장학금 신청안내,15.08.10,947,
[경진대회] 코아나이 "ICT 융합분야 창업경진대회" 안내,15.08.10,1069,
LINC 사업단 해외인턴십 신청안내,15.08.04,970,
제2권역 정보보호교육센터(충남대) 무료 교육 안내(충남대학교),15.07.30,872,
게임SW업체 견학 및 취업간담회 참석학생 모집(8.14),15.07.29,859,
(중요!!) IP주소 재인증(실명화) 안내 (우리건물 8.10(월)~8.14(금)),15.07.23,815,
학내 버스 운행 노선 안내,15.07.21,789,
클라우드 서비스 관련해서 공지합니다.,15.07.03,666,
「ASEAN 국가 우수 이공계 대학생 초청연수」도우미 모집,15.06.23,648,
워킹 홀리데이시 숙소 주의사항( 호주 유학생 숙소),15.06.18,763,
2015대학글로벌현장학습 2차공모,15.06.17,613,
2015 권역별 국제문화교류 전문가 양성사업 예비인력(인턴) 공개모집 안내,15.06.17,520,
무선마우스 잃어버린 학생은 학과사무실로...,15.06.17,603,
2015학년도 하계 학습동아리 모집 안내,15.06.17,611,
제2회 소프트웨어 개발 보안 경진대회,15.06.12,607,
제 15회 대전 장애인 IT챌린지 대회 자원봉사자 모집 안내,15.06.12,415,
학과사무실에서 여름방학 동안 근무할 봉사(근로)장학생 구합니다.,15.06.02,433,
인사이더 2015 프로그램 안내,15.05.27,378,
삼성증권 Young Creator (대학생 멤버십) 5기 선발,15.05.22,310,
T아카데미 대전캠퍼스 전문가 과정 추천,15.05.21,262,
[NAVER] 2015 CAMPUS HACK DAY 모집요강,15.05.20,312,
T아카데미 모바일 전문가 과정 모집안내,15.04.29,274,
제 3회 TOPCIT 정기평가 실시 안내,15.04.28,304,
[오픈랩 공결 안내]5월1일(금) 수업에 한함,15.04.28,291,
1:1 맞춤형 커리어코칭 참가자 모집 안내,15.04.20,262,
[마이다스아이티] 2015년 채용확정형 행복장학생 모집,15.04.07,288,
K-SW포럼 '프로젝트' 공모대회,15.04.07,242,
[시스템 조교]클라우드 서비스 사용 건으로 공지합니다.,15.04.03,316,
2015년 재능키움장학금 장학생 선발 공고,15.03.18,262,
2015년도 세아해암학술장학재단 장학생 선발 안내,15.03.18,237,
2015학년도 우양재단 자매애 청년장학생 선발 홍보 요청,15.03.18,207,
2015년 글로벌탐방장학금 장학생 선발 공고,15.03.18,242,
2015 신입생 ? 편입생 신체검사 실시안내,15.03.18,228,
2015학년도 제1학기 등록금 추가 납부 안내,15.03.09,222,
2015학년도 1학기 학업UP 상상 튜터링 모집 안내,15.03.09,277,
2015학년도 1학기 학습동아리 모집 안내,15.03.09,327,
[시스템조교]구글 앱스 계정 관련 비밀번호 관련 건으로 공지합니다.,15.03.05,546,
2015년 신입생 OT(가나안 농군학교) 참가 안내,15.02.23,1239,
학과사무실에서 2015년 1학기 동안 근무할 봉사(근로)장학생 구합니다(2.25(수) 16시까지),15.02.23,357,
‘백마장학회’ 장학생 선발 안내,15.02.09,348,
Global 역량 함양 학습활동 지원 프로그램 안내,15.01.22,285,
2015년 통영시 저소득 청소년 장학금 지원대상자 선발 공고,15.01.15,217,
2014년 창의작품대전 시상금 지급자료 제출 안내 (1.16금 까지),15.01.09,568,
[교육] 2015년 상반기 SST 대비 SSAT 집중교육 안내,15.01.08,352,
충남대학교 총동창회 장학재단 2015학년도 1학기 장학생 선발,15.01.05,350,
제 34회 한국정보과학회 학생논문경진대회,14.12.26,324,
학과사무실에서 겨울방학 동안 근무할 봉사(근로)장학생 구합니다.,14.12.04,504,
학부연구생 모집공고,14.12.03,504,
2014년 창의작품대전 상장 및 공결확인서 발급 안내,14.12.02,440,
2014년 창의작품대전 수상팀/작 공지,14.12.02,654,
2014년도 창의작품경진대회 포스터 발표평가 작품 목록 안내,14.11.25,634,
2014년 재학생 해외(일본) 대학 및 기업탐방 참가자안내,14.11.20,364,
[ACE사업]2014학년도 CNU Honors 및 CNU Learning Star 참가신청 접수 안내,14.11.17,347,
2014년 창의작품대전-창의작품 경진대회-참가팀 확인 및 자료제출 안내,14.11.14,550,
[국방ICT융합인력양성사업단] 위성통신 기술 동향,14.11.13,353,
2014년도 창의작품대전-동아리별 활동보고서 제출 안내(11.21금 18시까지),14.11.11,377,
2014 &Award ‘디지털 창의 학생 공모전’ 안내,14.11.11,320,
2014년 창의작품대전-DevDay 참가팀 확정 발표,14.11.11,446,
T아카데미 겨울학기 모바일 전문가 과정 모집안내,14.10.31,367,
2014년 창의작품대전-동아리연합성과발표회,14.10.30,388,
2014년 창의작품대전-창의작품 경진대회 참가 안내,14.10.30,568,
2014년 창의작품대전-DevDay 참가 안내,14.10.30,494,
2014년 창의작품대전 참가 안내 (신청기한: 11.6(목)),14.10.30,382,
[특강] 채용 면접 대비 특강 개최(10/26 일 9:00~),14.10.24,342,
(현장실습지원센터 특강) 7가지 보고의 원칙,14.10.14,453,
2014 하반기 글로벌인재양성 학생 추가모집,14.10.13,341,
일취월장 학습법 워크숍 안내문,14.10.13,336,
2014년도 2학기 한국장학재단 사랑드림장학사업(삼성) 신청안내,14.10.08,310,
2014년도 하반기 대전인재육성장학재단 장학생 선발,14.10.08,284,
전공별 맞춤형 비교과 과정 프로그램 지원 사업 dksso,14.10.02,295,
아동양육시설 퇴소 · 거주 대학생 교육비 지원사업,14.09.30,263,
소프트웨어 개발보안 경진대회 개최 안내,14.09.30,281,
하반기충청남도장학금 안내,14.09.30,294,
대학생 개발자 모집,14.09.25,331,
제 15기 미래에셋 국외파견 교환장학생 선발,14.09.24,289,
2014 TRY ANGLE SK 플래닛 토크콘서트,14.09.22,283,
2014 TRIZ 경진대회컨퍼런스 대회 안내,14.09.15,254,
우리학과 이원돈교수님 퇴임 고별 강연 안내(9.16 화 17:00),14.09.12,399,
학UP 상상(相相) 튜터링 모집 안내,14.09.05,292,
2014학년도 2학기 학습동아리 모집 안내(여기서의 동아리란 4-5명씩 임의 그룹을 뜻함),14.09.05,251,
(재)시흥시교육발전진흥재단 장학생 선발 안내,14.09.01,211,
앨트웰민초장학재단 15기 장학생 선발 공고,14.08.28,188,
산학협력 선도대학(LINC) 육성사업 현장실습 수기 공모전 개최,14.08.21,195,
국외 자매대학 복수학위 프로그램 참가학생 모집,14.08.20,205,
국외(북미 지역) 자매대학 교환학생 프로그램 안내,14.08.20,256,
제8회 학생포트폴리오 경진대회 계획,14.08.19,192,
(재)두을장학재단 제17기 두을장학생 선발 안내,14.08.14,214,
학과사무실에서 근무할 봉사장학생(일반근로) 구합니다,14.08.14,227,
2014년 WISET 충청권역사업단 공학 현장실습 지원 안내(여학생),14.08.06,262,
‘백마장학회’ 장학생 선발 안내,14.08.05,283,
2014년도 교육기부 우수기관(동아리) 인증제 시행계획,14.08.05,182,
2013년도 컴퓨터공학과 창의작품대전-동아리연합성과발표회 안내,13.10.30,442,
2013년도 컴퓨터공학과 창의작품대전-창의작품경진대회 안내,13.10.30,519,
2013년도 컴퓨터공학과 창의작품대전-데브데이 안내,13.10.30,681,
ACM 대회 예비소집 및 예선전 일정 공지 (예비소집:2013.9.27(금)19:00),13.09.26,366,
2012 창의작품경진대회 수상 명단,12.12.06,349,
2012 DevDay 수상 명단,12.12.06,395,
2012년 창의작품 대전-동아리연합학술발표회 참가 안내,12.10.26,532,
2012년 창의작품 대전-창의작품경진대회 참가 안내,12.10.26,557,
2012년 창의작품 대전-데브데이 참가 안내,12.10.26,688,
2012년 창의작품 대전 안내,12.10.26,432,
