[채용형인턴] [교수님 적극추천] SIA 인턴 채용,20.06.03,85,
[채용] 주식회사 비햅틱스 Unity3D VR/AR 개발자 채용,20.05.15,87,
[선배추천] [네이버웹툰] 채용연계형 인턴십 (2020.5.11.~5.24.),20.05.12,203,
[KAIST 인공지능연구소] 위촉연구원 모집 (응시기간: 2020.5.25. 15:00까지),20.05.08,142,
[WISET사업] 여성과학기술인 창업교육 (모집기간: ~~2020.5.15.(금)까지),20.05.08,30,
2020 Summer Coding - 여름방학 스타트업 인턴 개발자 모집(5.22 17시까지 / 20여 개 기업 참여),20.04.29,226,
[선배추천] (주)헬스리안에서 채용공고,20.04.24,112,
[채용] [LIG넥스원] 2020 상반기 LIG넥스원 신입/경력사원 공개채용,20.04.16,96,
[교수님추천] JCORE 채용 안내,20.04.09,136,
[학교추천] 삼성 기회균등 특별채용 우수인재 추천 (학과로 4.7.(화) 오후2시 까지 엄수),20.04.03,163,
[학교추천] 현대중공업그룹 우수 인재 추천 (학과 신청: 4.9.(목) 18:00까지),20.04.02,98,
[교수님 추천] 에스투더블유랩 S/W 개발 신입.경력사원 채용,20.04.02,157,
[미취업대상] 2020년도 청년TLO 육성사업 참여인력 모집 안내( 4. 1.(수) 09:00 ~ 4. 17.(금) 18:00까지),20.04.01,131,
[삼성SDI] 2020년 상반기 신입사원 채용 랜선 리크루팅(온라인상담) 진행 (신청 3.27.(금)~4.2.(목)),20.03.27,144,
[채용] 라인LINE SW개발 직무 채용,20.03.11,232,
더프로스트 주식회사_채용공고,20.03.03,89,
[채용] 2020 IBM Korea Application Developer 신입사원 채용,20.02.28,142,
[채용][교수님 및 선배추천] FPT Korea 소프트웨어 개발자 채용,20.02.26,110,
[채용] Software Analyst_인터그래프코리아,20.02.26,67,
[채용] 주식회사 이데이인포,20.02.12,85,
[채용] 마이시스템스,20.02.05,129,
[선배안내] 쎄트렉아이 2020 상반기 수시 채용 공고 (2020.1.30.~),20.01.30,246,
[선배안내] 법원행정처 전산서기보(9급) 경력경쟁채용시험 공고,20.01.15,174,
[채용] Sherpa Space Inc Recruitment 2020 쉘파팀원을 모집합니다.,20.01.07,140,
2020년 국가직 지역인재 7급 수습직원 학교 추천대상자 선발 공고 (설명회: 1.13.(월) 14시  접수기간: 1.16.(목)~1.20.(월) 14시까지),19.12.30,180,
[채용] 라메드랩스_SW테스트엔지니어_채용,19.12.26,135,
[채용] 라치텍 신규 채용 공고,19.12.19,86,
[채용] EDA 사업부 HDL/FPGA AE 엔지니어 신입/경력 사원 모집,19.12.13,95,
주식회사 쉘파스페이스 SW engineer 모집(전문연구요원가능),19.12.05,133,
[codyd] 한국 오라클 - 신입사원 채용,19.11.25,233,
[진로/취업] [인재개발원] 2019년 11월~12월 진로 및 취업프로그램 안내,19.11.19,125,
2020년 지역인재 7급 수습직원 선발시험 설명회 홍보 요청 (11.20(수) 14:00~ 16:00),19.11.11,140,
[전문연구요원] (주)엔씨소프트 (채용완료 시 까지),19.11.11,224,
[취업캠프][충남대 산학협력부] 취업연계 IP지역인재양성사업 'IP 취업교육 연합캠프' 참가 학생 모집 안내 (선착순),19.10.30,96,
[채용] [쎄트렉아이] 2019 하반기 공채 (접수기간: ~2019.10.31.(목) 23:59까지),19.10.22,265,
[교수추천 채용] [UTOSILICON오토실리콘] 대전 근무  대기업 수준 처우,19.10.17,188,
[채용] MIDAS 2019 하반기 신입새원 열린채용 채용공고,19.10.16,103,
[채용] (주)패브릭시스 2019 하반기 HW·SW 영업  네트워크영업外 경력무관 모집 공고,19.10.14,68,
[채용] [현대모비스] 2019 연구소 우수인재 모집 (기한: ~2019.10.13.마감),19.10.04,116,
[채용] [위메프] 2019 신입개발자 채용 (서류접수: ~10.18.(금) 15시까지),19.09.30,152,
[채용] [티맥스그룹] 채용연계형 인턴 모집 (접수기간: ~2019.10.6.까지),19.09.30,60,
[채용] 농협중앙회 및 계열사 신입 공개채용 (~2019.10.2.(수) 18:00까지),19.09.30,98,
[채용] 대만 반도체 회사 Realtek R&D 사업부 신규 정규직 채용 (접수기간: ~2019.9.30.(월)),19.09.20,111,
[채용-교수추천] 한국인식산업(주) 신입 및 경력사원 채용-금융SW유지보수 업무지원  AI/Deep Learning 연구/개발 엔지니어  C++ 및 안드로이드 개발자  ~9.25.(수)까지),19.09.17,102,
[입시] 2020학년도 전기 대학원 외국인전형 모집요강 안내,19.09.06,36,
[잡카페] 우리금용그룹 2019 신입 채용 (2019.9.17.(화) 13시~17시  서울 강남),19.09.05,82,
[학과추천] (수정2019.9.5.) 현대중공업그룹 우수학생 추천 안내 (학과신청: 2019.9.18.(수)까지),19.09.04,114,
[채용-선배추천] (주)매그파이소프트 채용 안내 (접수기간: ~2019.9.16.(월) 24시까지),19.09.03,74,
[채용설명회-선배방문] 삼성전자 2019 하반기 리쿠르팅 (2019.9.6.(금) 10:00~17:00),19.09.03,143,
[채용설명회-선배방문] NHN 엔터테인먼트 2019 하반기 신입공채 설명회 (설명회 2019.9.6.(금) 오후3시~),19.09.03,100,
[채용-선배추천] 현대모비스 '데이터사이언스팀' 정규직 채용 안내 (접수: 2019.9.6.(금)까지),19.09.03,95,
[채용-교수추천] 오토실리콘 "Software분야" 채용 공고 및 채용분야 관련 직무 설명서,19.09.03,47,
[채용] 수자원공사 단기계약직 채용 (공고기한: 2019.9.4.(수)까지),19.09.03,29,
[인재개발원] 9.16.(월)~9.27.(금) 채용설명회 및 채용상담회,19.08.26,120,
[인재개발원] 9.09.(월)~9.11.(수) 채용설명회 및 채용상담회,19.08.26,70,
[인재개발원] 9.02.(월)~9.06.(금) 채용설명회 및 채용상담회,19.08.26,60,
[취업설명회] SK텔레콤 타겟 설명회 안내 (설명회일시: 2019.9.4.(수) 16시~17시),19.08.26,83,
[채용박람회] KITA일본채용박람회(Bridgers KOREA 2019) 개최 안내(★★입사지원 마감일:9/1(일)),19.08.23,41,
2020 카카오 신입 개발자 채용설명회 및 공채안내,19.08.20,179,
새로남 기독학교 초 중등 컴퓨터 강사 모집 공고(학과신청: ~2019.8.12.(월) 정오까지),19.08.08,99,
[대체인력 계약직] 한국동서발전(주) 발전기술개발원 채용공고문 및 응시원서 안내,19.08.05,71,
[채용][(주)농협정보시스템] 정규/계약직 직원 모집공고 (접수: ~2019.8.6.까지),19.08.05,83,
[단기계약직][한국수자원공사] 데이터바우처 지원사업 관련 업무 (접수: ~2019.8.11. 18시까지  근무기간: 2019.8월~2019.12월),19.08.05,76,
[충남대학교 청년TLO] 2019년도 청년TLO육성사업 참여인력(산학협력단 연구원) 추가 채용(접수 ~2019.8.9.(금) 18시까지),19.07.30,110,
[위드텍] 신입사원 채용공고 안내,19.07.23,90,
[채용] (주)케이티지 IT 개발자 모집 (기한: 7.10.(수)까지),19.07.04,103,
[충남대학교 청년TLO] 2019년도 청년TLO육성사업 참여인력(산학협력단 연구원) 추가 채용(접수 ~2019.7.26.(금) 18시까지),19.07.02,58,
[한국무역협회] KITA 일본기업 개별 설명회 및 면접회 진행 안내 (입사지원: ~2019.7.5.까지),19.07.02,34,
[2019.6.28.(금) 오후4시][학과장님 주최] 입사 면접을 위한 특강 (조성돈 한화시스템 영업본부장),19.06.25,32,
[채용] 한국NSK 신입 및 경력사원 수시 채용 (지원기간 2019.6.15.(토)~6.24.(월) 1800),19.06.19,50,
[인턴] 전자현미경연구부 전자현미경 장비개발 보조 인턴직원 채용 공고 (접수 2019.6.14.~6.23.(일) 18시),19.06.13,17,
[채용] 슈어소프트테크 대전지사 (지원기한: ~2019.7.5.(채용시 까지),19.06.12,56,
[취업교육] [한국전파진흥협회] 클라우드 서비스 개발전문가 과정  기업주도형 블록체인 프로젝트 개발자 양성과정 교육생 모집(모집기간: ~2019.6.21.(24시까지)),19.06.10,37,
[2019.5.31.(금)까지] 2019년도 청년TLO 육성사업 참여인력 추가 모집 공고 (접수기간 2019.5.27.(월)~5.31.(금) 오후6시까지),19.05.27,32,
[채용형 인턴십] [골프존뉴딘그룹] 2019년 채용연계형 Internship 공고 (~5.26까지 접수),19.05.17,44,
[2019.5.31.(금)까지] 2019년도 청년TLO 육성사업 참여인력 추가 모집 공고 (접수기간: 2019.5.27.(월)~5.31.(금) 오후6시까지),19.05.27,15,
[채용형 인턴십] [골프존뉴딘그룹] 2019년 채용연계형 Internship 공고 (~5.26까지 접수),19.05.17,29,
[청년TLO] 2019년도 청년TLO 육성사업 설명회 개최 안내 (일시: 2019.5.17.(금) 오후3시~),19.05.15,20,
[학과방문 4층로비 자유상담 5.29.(수) 오전10시~오후2시] 정부지원 인공지능.블록체인 전문가 양성 교육생 모집 (교육기간:2019.6.3.~11.29.(금)),19.05.13,34,
「2019년 권역별 찾아가는 해외취업설명회」안내 (일시 2019.6.4.(화) 13:00~17:00  정심화 대덕홀),19.05.10,18,
[채용] LIG넥스원_19상_HRD직무 수시채용 (접수기간: ~2019.5.8.(수)까지),19.05.01,19,
[우리에프아이에스]2019년 상반기 신입사원 채용 (접수기간: 2019.4.24.(수)~5.7.(화) 17시까지),19.04.26,30,
[채용][국가보안기술연구소] 2019-2차 연구직/기술직 채용 (접수기간: ~2019.5.2.18:00까지),19.04.26,32,
[채용] [LIG넥스원] LIG넥스원 임베디드 SW개발(레이다) 수시채용 (접수기간 2019.4.19.~5.5.),19.04.24,31,
[채용] 한국NSK 2019 신입 및 경력사원 모집 (지원기간: ~2019.5.3.18:00까지),19.04.24,22,
[채용] 충남대학교 공과대학 계약직원 채용 안내 (접수: 2019.4.30.(화)10:00~5.1.(수) 17:00),19.04.24,35,
[인재개발원 채용박람회] 2019 일본기업 채용설명회  공개 채용 및 현장 면접 진행 (본행사: 5.13.(월)  서류접수: ~5.3.(금)까지,19.04.23,11,
[채용] 한국해양과학기술원 부설 선박해양플랜트연구소 상반기 공개채용 (서류접수: ~ 2019.4.26.(금) 18:00까지),19.04.23,10,
[채용] [패스트캠퍼스] 프로그래밍 분야 교육 프로덕트 매니저 포지션 채용공고,19.04.19,13,
[취업교육] [혁신성장 청년인재 집중양성 사업] 인공지능/블록체인 전문가(모집 ~5.5.까지) 인공지능 전문가(모집 ~6.9.까지  ~9.8.까지),19.04.19,26,
[채용] 광운대학교 정규직원 채용,19.04.19,42,
[채용][이엔유주식회사] 시스템 및 응용 프로그램의 프로그래머 채용,19.04.17,22,
[채용] (주)커스터메디 풀스택개발자/디자이너/3D애니메이터 채용,19.03.29,40,
[교수님 추천] [Rocket to the moon (RTM)] Backend Engineer 모집,19.03.29,58,
컴퓨터공학과 졸업생들의 진학 및 취업처 (대상: 2016년8월~2019년2월 졸업자),19.03.25,264,
[신세계아이앤씨] "IT와 디지털 직무 분야" 2019 상반기 신입사원 채용 (접수기간: 2019.3.25.(월)~4.7.(일)),19.03.25,42,
[채용] (이글루시큐리티) 솔루션 개발자 인력 채용 (접수기한: 2019.3.29.(금)),19.03.22,24,
[학과공지] 한국정보화진흥원 청년인턴 채용 공고 (접수기한: 3.29.까지  채용형청년인턴부문망 ~2019.4.4.까지),19.03.22,26,
[학과추천] [인터리젠 주식회사] 머신러닝 플랫폼 개발 인력 모집,19.03.22,29,
[채용 및 충남대 리쿠르팅] [ASML] 2019 상반기 ASML Korea 신입/경력사원 채용 (설명회 3.21.(목) 10:00~16:00),19.03.18,35,
[인턴채용] [11번가] 2019 상반기 11번가 인턴사원 채용 안내 및 충남대학교 리쿠르팅 안내 (2019.3.21.(목) 14:00~17:00),19.03.18,61,
[채용] [셀트리온 그룹] 『2019년 상반기 셀트리온 그룹 신입/경력 채용』 (~3.28 15:00까지),19.03.18,24,
[계약직 및 경력직][(주)자이언트] 2019 상반기 개발자(경력/신입) 채용공고문,19.03.18,8,
[채용] 한화시스템/시스템 2019 상반기 신입사원 모집 및 캠퍼스리쿠르팅,19.03.18,35,
[채용][삼성SDI] 2019 상반기 3급 신입사원 채용 홍보 요청 건(~3/19까지),19.03.18,23,
[채용] (주)윈스 2019 상반기 추가 채용 (서류 접수 기한: ~2019.3.22.까지),19.03.13,24,
[WISET아카데미] 정보보안 전문가 교육(WISET & 한국MS & JA Korea) 모집(~4/1),19.03.10,27,
[2019.3.11.(월)] LG CNS 캠퍼스 리쿠르팅-[LG CNS] 2019 상반기 신입사원 채용( IT Leadership Academy · IT Challenger Path),19.03.10,35,
[미국취업] [Ebonyline] 프로그래머 모집,19.03.08,74,
[2019.3.7.(목) 정오~ 공5410호  오후2시~ 인재개발원 3층 ] 삼성전자 CE/IM부문에서 '19년 상반기 3급 공채 및 대학생인턴십 전형 리쿠르팅,19.03.06,61,
[(주)온테스트] [신입] SW 엔지니어 모집 - 사람인,19.03.05,40,
[2019.3.5.(화)] 인재개발원 2019 SK 상반기 인턴신입사원 모집 채용 상담 및 설명회,19.03.04,56,
[인재개발원] 2019년3월 채용설명회 및 채용상담회 일정,19.02.28,39,
[채용] [LINE] 주3일 인턴(정규직 채용 연계형) 공개채용 안내 (접수기간: 2019.3.4.(월)~3.13.(수) 17시),19.02.28,30,
[채용예정자 연수사업] (주)한국아이티기술 채용예정자 연수사업 안내,19.02.22,26,
[미취업 졸업예정자 및 졸업자] 청년TLO 육성사업 참여자 신청 안내 (기한: 2019.2.25.오후2시까지),19.02.20,70,
[채용] [동서울대학교] 동서울대학교 전산직 및 일반행정직원 채용(~2/19),19.02.18,35,
[채용] [쎄트렉아이] 2019년 상반기 수시 채용 공고,19.02.15,62,
[급!] 대전광역시 임기제공무원 경력경쟁임용시험 공고 (지원서 접수기한: 내일2019.2.14.(목),19.02.13,34,
[채용] 큐브리드 DBMS 엔진 개발자 채용 안내,19.01.18,56,
[채용] 아이티아이즈 학과 추천 (학과로 추천 희망 신청 및 이력서 제출),19.01.18,54,
[학교추천] 올제텍(주) 정규직 채용 추천 (신청기한: 2019.1.18.(금) 17시까지),19.01.15,44,
[채용] [더프로스트(주)] 신입/경력 채용 (접수기한: 2019.2.28.까지),19.01.15,45,
[채용] 로버트보쉬코리아(유) 정규직 신입 채용 안내 (학과신청: 2019.1.14.(월)까지),19.01.10,55,
[학교추천] 2019년 국가직 지역인재 7급 수습직원 학교 추천대상자 선발 공고 (접수기간: 2019.1.14.(월)~1.16.(수) 18시),19.01.08,81,
[채용] IntelliSys 인재 모집,19.01.04,63,
[채용] 반도체 장비 회사(IVW)의 딥러닝 관련 인력 채용,19.01.02,51,
[학과추천 채용] (주)엠프론티어 (한국타이어 그룹 계열사) (지원기한: 2018.12.28.(금)정오까지  학과사무실로),18.12.18,68,
[채용] (주)시스원 2019 신입 및 경력사원 공개채용  병역특례자 우대 (접수기간: ~2018.12.24.(월)까지),18.12.13,46,
[채용] 안랩 `2019년 상반기 "채용전제형" 통합인턴` 모집 (지원서 접수 기한: 2018.12.19.(수) 오후3시까지),18.12.11,116,
[채용] 구름네트웍스 채용 공고 (기업부설연구소 SW개발 정규직),18.12.07,82,
[채용] 라이엇게임즈 신입사원 채용 (마감: 2018.12.9.(월)까지),18.12.05,138,
[채용] 텍스토리 주식회사 인재 채용,18.11.28,45,
[채용] 슈어소프트테크 SW프로그래머 채용,18.11.22,82,
[11월 25일 마감] SW인재 페스티벌 잡 페어 구직행사,18.11.19,39,
[채용] (주) 윈스 (네트워크 보안 분야 사업) 연구개발 신입/경력사원 채용,18.11.19,53,
[채용] [도로교통공단] 2018년도 2차 NCS 기반 신규직원 공개채용 (접수기한: 2018.11.1.~11.15.(목) 18시),18.11.09,45,
[채용 추천] [기초과학연구원] 슈퍼컴퓨터 관련 인력 추천 신청 (추천을 희망하는 경우  학과로 연락),18.11.09,55,
[채용] 해양환경공단,18.11.08,37,
[채용] 가톨릭대학교 대전성모병원 정보지원팀 채용 안내,18.11.02,51,
[채용] [사이버메드] 졸업예정자 및 졸업자 인원 채용,18.10.31,49,
[(주)세화] 채용연계형 인턴사원 채용 안내 (제출기한: 2018.11.9. 까지),18.10.30,23,
삼성(전자계열) 협력사 채용한마당 안내 (2018.11.12.(월) 서울 양재동  사전신청 필요),18.10.24,35,
【긴급】청년 미취업자 시험위원 인력풀 추천 신청 (기한: 10.24.(수) 정오까지 ),18.10.23,36,
충남대학교 2018년도 취업박람회 안내 (2018.10.17.(수) 13:00~16:00),18.10.12,38,
[채용] 급구!! [케이엘넷] 프리랜서 개발자 1인 구인,18.10.05,78,
[채용 공고 및 우리학과 방문 설명회] 한국원자력통제기술원 직원 채용(접수 2018.10.1.~10.23. 18시  설명회 10.18 (목) 16시  411호),18.10.05,51,
[채용] 국가보안기술연구소 정규직 연구원  기술원 채용공고 (접수: 2018.9.28.~10.12. 17:00),18.10.05,59,
[채용] (주) 이우티이씨 채용공고 - 충남대학생 우선선발 전형,18.10.04,68,
[채용] 한국타이어 Proactive 2018년 R&D 신입사원 공개 채용 (서류접수: 2018.9.10.~9.27.(목)까지),18.09.19,51,
[취업상담] GMV 취업상담회 - 실리콘밸리  일본  국내 유망 ICT기업 채용 박람회 (2018.10.10.(수)~10.11.(목)),18.09.18,33,
[채용] 스마일게티트 2018 공개채용 (접수기간: ~2018.10.1.(월) 14:00까지),18.09.12,45,
[채용설명회] LG CNS: IT Leadership Academy (인재개발원 3층 2018.9.17.(월) 16:00~18:00),18.09.12,21,
[채용박람회] 청년 과학기술인 일자리박람회 (10.18  목) 개최 및 참여 안내,18.09.12,11,
[아르바이트] 급!!! LG화학 기술연구원 연구보조 모집,18.09.11,46,
[전문가 과정] 한국전파진흥협회 클라우드서비스 개발 신청 기한 (~2018.9.13.(목)까지),18.09.10,19,
[신입 및 경력 채용] 충남대학교병원 정규직 채용 안내 (접수기간: 2018.9.5.(수)~9.19.(수) 17:00까지),18.09.10,140,
[채용][포스코그룹] 2018년 하반기 공개채용 안내 (지원서 접수: ~2018.9.17.(월) 10:00까지),18.09.05,25,
[채용] 아스텔(주) 신입사원 채용 공고 (기간: 2018.9.1.~2018.9.15.),18.09.04,40,
[채용상담] 삼성전자 CE/IM부문 사업부 통합 캠퍼스 리크루팅 (상담부스  채용설명회)-2018.9.7.(금) 09:00~12:00  그리고 오후,18.09.04,31,
[채용] 우리마이크론(주) 채용 추천 안내,18.08.30,45,
[인재개발원] 2018년 9월 채용설명회 및 채용상담회 개최 일정 (2018.09.10(월)~09.14.(금)까지),18.08.30,28,
[인재개발원] 2018년 9월 채용설명회 및 채용상담회 개최 일정 (2018.09.03(월)~09.07.(금)까지),18.08.30,21,
[채용설명회] 2018 하반기 SK hynix 소프트웨어 공개 채용 (2018.9.4.(화) 10:30~12:00  공5410호),18.08.27,62,
[채용설명회] 인재개발원 주관  우리학과 공간 개최-SK하이닉스  한화시스템  LG CNS 채용상담회 (9.4(화)  9.11.(화)),18.08.27,24,
[취업지원 교육] 대한상공회의소 충남인력개발원의 "ROS 기반 자율비행 드론 개발자 과정" 안내 (모집기간: ~2018.9.14.까지),18.08.23,13,
[채용정보] 금융감독원 채용 공고 안내,18.08.23,57,
[인재개발원 채용 추천] 이카운트 교내 추천 안내 (제출기간: 2018.8.22.(수) 자정까지),18.08.21,36,
[채용 추천] (주)모두텍 소프트웨어 개발(신입 및 경력),18.08.21,35,
[삼성전자 DS부문 SW개발 직무설명회 (2018.8.23(목)   온라인 사전신청 필수),18.08.13,61,
[채용] [KT] 2018년 SW개발 신입사원 채용 (접수기간: 2018.8.8.(수)~8.20.(월) 17시까지),18.08.08,67,
[인재개발원 추천 전액무료 교육] 한국표준협회 2018년 혁신성장 청년인재 집중양성과정(블록체인.안공지능)-모집기간 ~2018.8.19.(일)까지,18.08.08,39,
[채용] 2018년 NHN엔터테인먼트 모바일 FPS 게임 PM 채용 공고,18.08.07,53,
[채용공고] 테크노프레스 신입 또는 경력 채용 안내,18.08.03,33,
[채용] 스태츠칩팩코리아 교내 추천 안내 (접수기간: ~2018.8.5.(일) 자정까지),18.08.02,46,
[채용] 학과추천-(주)코메스타 신입사원 채용공고,18.07.31,45,
[취업 설명회] 일본 휴먼리소시아(주) IT인재 취업 설명회 및 면접 안내 (2018.8.1.(수) 14:30~ 한남대학교),18.07.27,27,
[대회&채용상담회] 삼성전자 DS부문 육목 SW 알고리즘 대회 및 채용상담회 안내 (신청기한: ~2018.8.3.(금)까지),18.07.19,25,
[채용] 2018년 NHN엔터테인먼트 클라우드 시스템 인턴 채용공고,18.07.13,68,
[채용] 「대전·충남지역 청년-중소기업 채용박람회」 안내 (일시: 2018.7.13.(금) 13:00~17:00),18.07.09,17,
기간변경 및 지원대상 확대!! [직무훈련] 2018년「정부출연연구기관 4차 인재양성과정」안내 (신청기간: ~2018.7.31.(화)까지),18.07.09,29,
[인턴] 2018년 NHN픽셀큐브 게임 사업 PM 인턴채용 안내 (2018.6.28.(목)~채용 시까지),18.07.04,46,
[채용설명회] SK하이닉스 채용설명회 안내 (2018.7.6.(금) 11:00~ ),18.07.04,29,
[채용] [이지로보틱스] 2018 신규직원 채용 (지원서 접수 기한: 2018.6.29.(금)까지),18.06.25,38,
[졸업예정자 및 기 졸업자] 청년TLO 육성 사업 참여 수요조사서 제출 안내 (기한: 6.26.(화)정오까지),18.06.22,21,
[채용] 2018년 NHN엔터테인먼트 인프라보안 엔지니어 인턴 채용공고 (2018.6.5.~채용 시),18.06.15,81,
[학과 추천] (주)리얼타임테크 2018 신규사원 모집 안내 (지원기한: 2018.6.12.(화) 24시까지),18.06.07,67,
[인재개발원 추천] 한온시스템(구. 한라공조) 추천 채용 (추천신청서 제출: 2018.6.10.(일) 24:00까지),18.06.07,44,
[채용] 케이티지 선행기술조사 전문연구원 채용 공고문 (접수: ~2018.6.5.18시까지),18.05.30,33,
[채용] (주)태일정보 인재 모집,18.05.30,32,
[채용] 2018 시그널링크㈜ 신입사원 채용공고,18.05.30,35,
[취업박람회 참가 신청] SK동반성장 협력사 채용박람회 학과단체참관 신청 안내 (박람회:5.31.(목)  참가신청:5.21.(월)18시),18.05.14,12,
[채용박람회] SK동반성장협력사 채용박람회 안내 (박람회일시: 2018.5.31.(목) 10:00~17:00),18.05.10,15,
[인턴십] 2018 SK텔레콤 근무형 인턴십 안내 (2018.5.16.(수) 18시까지),18.05.09,73,
[채용-학과추천] 코드마인드(주) 소프트웨어 개발자 모집 (접수기간: 채용 시까지),18.05.08,45,
[채용] 2018년 한국인터넷진흥원(KISA) 채용형(4급) 청년인턴 채용 공고 (지원서 접수: ~5.11.(금) 오후3시까지),18.05.08,38,
[채용공고] [골프존] 2018년도 인턴사원 모집 (~2018.4.22.까지),18.04.18,47,
[동문 스타트업 회사 취업 공고] (주)알지티 - 로봇 설계 / 아두이노(AVR) 개발자 신입사원 채용,18.04.10,36,
[학과추천] [아이쓰리시스템] 졸업예정자 가능  병역특례가능(석사) (2018.4.6.(금) 정오까지),18.04.03,58,
[채용] [한화시스템] 2018년 상반기 신입사원 모집 홍보 요청의 건 (~3.28 까지),18.03.14,69,
[리쿠르팅] [SK C&C] 2018 상반기 인턴/신입사원 모집 (2018.3.14.(수) 공대5호관 4층 로비 및 410호  인재개발원),18.03.14,52,
스마트폰 앱 개발자 구함 - 물리학과 안강헌 교수팀,18.03.13,106,
[리쿠르팅] [삼성SDI] 2018년 상반기 삼성SDI 공채/인턴 채용 (2018.3.7.(수) 10:00~17:00),18.03.07,62,
[리쿠르팅] 삼성전자 CE/IM부문 캠퍼스 리크루팅 (채용 상담  사업부 통합 채용설명회 일정) (2018.3.7.16:30~18:00),18.03.07,34,
[리쿠르팅] 2018 LG CNS IT Leadership Academy 신입 인재 모집 (2018.3.13.(화) 공학5호관 4층 중앙로비),18.03.05,76,
[학과추천] 우리학교 정보보호교육센터 전담인력 채용 추천 (즉시 2018.2.28.(수) 15시까지 학과사무실),18.02.28,46,
[학과추천] (주)모니터랩 - 리눅스/C개발자 신입사원 채용 추천 (김기일 교수님 추천),18.02.09,69,
[채용] (주)씨더스 채용 안내 - 학부 및 대학원생 대상,18.02.08,44,
[병특] 에스텍아이앤씨-산업기능요원 (병특) 공고,18.02.08,30,
[학교추천] CNCITY에너지(구. 충남도시가스) 우수 인재 추천 요청(~2018 2 9 (목)까지 학과로 제출),18.02.07,72,
[채용] 한국건강관리협회 대전충남지부 직원 채용,18.02.06,54,
[채용공고] 2018년도 상반기 농협중앙회 신규직원 채용 안내문 (지원서 2018.2.1.~2.7.(수) 18시까지),18.02.02,56,
[채용] 우리마이크론 주식회사,18.01.29,45,
한국 오라클 채용 공고,18.01.29,94,
[학과-학교 추천] 2018년 국가직 지역인재 7급 수습직원 학교 추천대상자 추천(학과로 서류제출: 1.17.(수) 18시까지),18.01.10,90,
[채용] 2018년도 KAIST(한국과학기술원) 정규직 직원 채용 공고 (2018.1.8.(월)14:00~1.22.(월)13:00까지),18.01.10,112,
[학과추천] [휴라] 회사 소개 및 채용 공고 (~2018.1.12.까지),17.12.27,94,
[채용][학과추천] 미래로시스템,17.12.21,65,
[국방ICT] 3-4학년 대상 국방ICT사업단 동계 취업캠프 신청 안내 (2017.12.20.(수)까지  선착순 30명 이내),17.12.14,36,
[채용] (주)애니캐스팅 - 소프트웨어 GUI 및 그래픽스 개발 채용,17.12.11,60,
[인턴십] [현3학년] (주)토핀스,17.12.11,70,
[인재개발원] 4차 산업혁명 선도인력 양성 훈련 사업 훈련생 모집 (모집기간: 2017.12.6.(수)18시까지),17.12.04,27,
[창업] 스타트업 프로젝트 매니저 양성과정 교육생 모집(접수기간 연장) 안내 (접수: 2017.12.6.(수)18시까지),17.12.04,9,
[인턴십] AWS(아마존 웹서비스) Internship 프로그램 안내,17.11.22,150,
[채용-석사이상] [AI] 날비컴퍼니 AI 연구자  소프트웨어 개발자  아이폰 개발자 모집,17.11.22,73,
「취업 프로그램」 우리대학 인재개발원 취업프로그램 안내 (선착순-통합정보시스템으로 신청),17.11.06,86,
[채용] 비전세미콘(주) 하반기 신입사원 모집,17.11.02,112,
[급!][학과추천] 프로그래머. 코딩기술자 채용 (기한: 내일2017.11.3.(금)까지),17.11.02,157,
[학교추천] 본아이에프(주) 교내 추천 안내 (서류제출 기한: 학과사무실로 2017.11.2(목) 18:00까지),17.11.01,88,
[기간제 일용직 채용] 국토연구원 글로벌개발협력센터 기간제 일용직 채용,17.10.30,30,
[채용] 우리대학 창업보육센터 입주기업 "(주)에이알이" 채용,17.10.30,35,
[아르바이트] 한국과학기술정보연구원(KISTI) 아르바이트 학생 모집 (근무기간 2017.11.6.~12.4.  접수기간: 마감전),17.10.25,84,
[우리학과 채용설명회] (주)엠로 2017 채용설명회를 우리학과 공간에서 합니다 (2017.10.18(수) 17:00~ 공5410호,17.10.11,80,
[추가-채용공고] 우리대학  학과와 업무협약기업-엠프론티어 (지원서 제출기한: ~ 2017.11.17.(금)까지),17.10.11,127,
[엔씨소프트] 2017년 하반기 신입사원 및 전문연구요원 공개모집 (~2017.10.12.(목)까지),17.10.10,99,
2017 충남대학교 JOB Festival 2017.9.28.(목) 10:00~17:00  공대5호관 주차장,17.09.26,74,
[채용] [한화S&C] 2017년도 하반기 신입사원 공개채용 (~2017.9.30.(토) 15시 까지),17.09.22,73,
[채용] [하나금융그룹] 2017년 하반기 하나금융그룹 IT부문 채용 (~2017.9.29(금) 18시까지),17.09.15,135,
[채용] [한국조폐공사] 2017 하반기 신입직원(채용형인턴) 채용 (지원서 접수: ~2017.9.18(월) 17시까지),17.09.15,49,
[한화시스템] 2017 하반기 신입사원 채용공고 및 캠퍼스 리쿠르팅 (지원서접수: ~2017.9.29(금)15시),17.09.15,103,
[리쿠르팅] 2017 SK 주식회사 C&C 신입사원 모집 (내일 2017.9.13(수) 오전10시~오후5시  공대5호관 4층 중앙로비),17.09.12,122,
[학과-대학추천] 전북은행 7급 일반행원 추천 (기한: 학과로 2017.9.14(목) 정오까지 시간 엄수!!),17.09.11,131,
[대학추천] 삼성 기회균등 특별채용 추천 (학과 제출 기한: 2017.9.6.(수)정오까지),17.09.01,174,
[교내 인재개발원] 2017년 9월 채용설명회 (9.11(월)~9.16(금)),17.09.01,70,
[아르바이트(단기인턴)] 스타트업 회사인 스토리팔 단기 인턴 모집(원격 가능) (기한: 2017.8.28(월)까지 연장),17.08.16,46,
[채용 및 채용간담회] 2017년 SK하이닉스 ’ SHOW ME THE SK hynix’ 채용간담회,17.08.09,82,
[채용 및 채용설명회] [새마을금고중앙회] 2018년 새마을금고중앙회 신입직원 채용 및 채용설명회 (~2017.8.25),17.08.09,71,
[취업교육] ENCORE(엔코아) 4차 산업혁명 핵심기술 취업교육 및 일자리 연계 프로그램 안내,17.08.07,77,
[채용] 세림티에스지(주) 신입사원 채용 공고 (지원기한: 2017.9.10.(일)까지),17.08.02,88,
[인재개발원] 취업준비생 면접지원을 위한 상상옷장 운영 안내 (월~금 10:00~17:00),17.08.02,198,
[채용] (주)미래로 시스템 신입사원 채용 (상시채용이나 우선 2017.8.4(금) 18시까지 학과사무실로 지원서 이메일 제출),17.07.31,79,
[채용] (주)엔큐브 신입 프로그래머 채용 공고 (접수기간: ~2017.7.31.까지),17.07.24,93,
[학과추천] (주)모비젠 서울 본사 근무 또는 대전 연구소 프로젝트 근무희망자 (2017.7.14(금)18시까지),17.07.07,125,
[채용설명회] [LG디스플레이]하반기 수시채용 채용 상담및설명회 안내 (2017.7.12.(수) 12시~18시) 및 모집요강,17.07.04,81,
[취업연수] SW 마에스트로 과정 8기 연수생 모집 (접수기간: ~7.15(토)까지),17.07.04,90,
[채용] [건설공제조합] 2017년 신규직원 채용 (접수기간: ~2017.7.5.17시),17.06.29,79,
[채용] [SK하이닉스] 2017년 상반기 신입.경력 사원 모집 및 설명회(내일6.30(금) 14시~16시),17.06.29,66,
[급 채용] 주식회사 티더블유 - 개발자 채용 (3개월 근무까지 도 가능),17.06.16,52,
[인턴사원] 2017년 롯데그룹 하계 인턴십 신입사원 모집(추가) (~2017.6.14.까지),17.06.09,56,
[WISET]이공계 여대학(원)생 취업지원을 위한 특허명세사 취업지원 교육 안내,17.06.07,20,
[이야기] NHN 엔터테인먼트 인턴십학생들 소감  후배들에게 알려주고 싶은 것들,17.06.02,382,
[채용] [안전성평가연구소] 2017 정규직 채용공고,17.06.01,67,
[채용박람회] Caree in Japan 2017 KOREA 일본기업 채용 박람회 (신청기한: 2017.6.4(일) 23:59까지),17.05.29,42,
[3학년이상 인턴] 2017년 ETRI 하계 연구연수생(청년인턴) 채용공고 안내 (접수기한: 5.30(화) 18시 까지),17.05.29,49,
[병역특례] 하나마이크론㈜ 전문연구요원(병역특례) 모집 채용상담회 안내 (2017.6.9(금) 10:00~17:00),17.05.26,22,
[채용] 급!! LG히다찌 정규직원 채용 (지원서 바로 받습니다),17.05.24,101,
[학과추천] ETRI 2017 하계 연구연수생(청년인턴) 모집(5.26(금) 정오까지),17.05.23,62,
[우리 졸업생] jobsN - "서른 일곱  직장도 구하지 않고 무작정 독일로 떠난 부부",17.05.20,100,
[학교창업보육센터 추천] 휴멘(주) 인재채용 (~5.30(화)까지),17.05.19,42,
[인턴] NHN Technology Services 인턴 공고 (~5.24(수)까지),17.05.18,70,
[4학년 인턴십] 마이다스아이티 K-SW포럼 인턴십모집 안내 (접수: 5.17(수)~5.26(금) 18시 까지),17.05.18,58,
[채용][KB국민카드] 2017년 KB국민카드 IT직무 신입사원 채용 공고 (~5/22),17.05.18,46,
[인턴십] 코오롱그룹 Woman 인턴십 (2017.5.12. ~5.24.),17.05.15,40,
[인턴십] [네이버] SUMMER INTERNSHIP 2017 모집 안내 (2017.5.15(월)~5.26(금) 마감),17.05.15,72,
[채용추천] [학과추천] 맨파워 채용대행(업체명 비공개) 지원 (기한: 5.16(화)까지 ),17.05.15,46,
[채용] [한국전력기술] 2017년도 상반기 신입(인턴)사원 채용공고 (접수기한: 2017.5.1.~5.15(월) 18시까지),17.05.12,34,
[채용] 일본 IT 기업-일본 ㈜ AKIBA와 ㈜ MERCURY의 한국현지채용 공고,17.05.02,55,
[채용] [대웅그룹] 2017 상반기 공개채용 (~ 2017.5.8(월) 13시까지),17.04.28,30,
[채용] 글로벌 게임빌 2017 인턴 공개 채용 (~2017.5.30.까지),17.04.28,58,
[채용] [롯데그룹] 2017 하계인턴 및 상반기 롯데SPEC태클 오디션 안내 (~2017.5.11. 18시까지),17.04.28,21,
[채용] [동화그룹] 2017 상반기 신입/인턴 공개채용 (~2017.5.11.까지),17.04.28,24,
[취업정보] 우리학과 학부 졸업자들의 진학 및 취업처 목록 (2015년8월~2017년2월 졸업자),17.04.24,315,
[채용] 한국국토정보공사 신입사원 채용공고- IT분야 및 지적측량 (2017.4.19(수)~4.25(화) 18:00까지),17.04.19,47,
[학교추천] (주)충남도시가스 우수 인재 추천 (학과제출: 2017.4.25(화) 18시까지),17.04.18,73,
[취업교육] 2017 빅데이터 엔지니어 청년 교육생 모집 (신청4.10.~5.19(금)까지  대전 교육장소: 우리학과 실습실),17.04.17,33,
[채용] 비앤에프테크놀로지㈜ 2017 상반기 신입/경력 채용 공고 (2017.4.4.~채용 시),17.04.13,32,
[취업박람회] 2017 『산업기술 유망기업 채용·창업 박람회』 (박람회일시: 4.20(목)  학과신청: 4.13(목) 정오까지),17.04.11,12,
[취업카페] 한국타이어 2017 리쿠르팅,17.04.11,28,
[아르바이트] 한국원자력연구원,17.04.05,49,
[인재개발원 채용상담] LG CNS 2017년 상반기 채용상담회 (2017.4.3(월) 10:00~17:00),17.03.30,27,
[박람회] IBK중소기업 주최-2017년 중견/중소기업 채용박람회 맞춤 취업교육 (학과연락: 3.30(목)까지),17.03.29,10,
[채용] [한국전력공사] 2017년 상반기 대졸수준 신입사원 공개채용 (~2017.4.5.까지),17.03.29,32,
[채용] 아시아나IDT -2017년 상반기 금호아시아나그룹 신입공채(~3.30(목) 18시까지),17.03.22,44,
[채용] 한국무역보험공사 2017년 상반기 신입사원 채용공고(~3.29(수)까지),17.03.22,14,
[채용] 한국가스안전공사 신입ㆍ경력사원 채용공고(~3.31(금)까지),17.03.22,24,
[채용] 대한적십자사 2017 사무직 공개 모집(~3.28(화),17.03.22,19,
[채용] 피에스케이(주) 신입 및 경력 모집 안내 (~2017.3.31.까지),17.03.20,23,
[체험형 인턴] 한국지질자원연구원 청년인턴(체험형) 모집 (기한: 2017.3.22(수) 10:00 도착분),17.03.20,21,
2017 상반기 신입사원 (ROKOKIE CHALLENGE) 채용 (~2017.4.10.까지),17.03.20,38,
[채용상담] 삼성전자 DS부문 / TP센터 채용상담 홍보 3.16(목)~3.17(금)  3.20(월),17.03.15,54,
[채용] 2017년 상반기 한화S&C 신입사원 공개 채용(~4/01),17.03.15,41,
[학교추천] 삼성기회균등 특별채용 추천 (서류제출기한: 2017.3.15(수) 14시까지),17.03.14,66,
[채용] (주)아그릭스 2017년 신규채용 안내,17.02.22,64,
제이스텍 구인 공고 (C++ 프로그래머) 24일까지,17.02.20,61,
[교내 통합정보시스템 유지보수업체 채용공고] (주)시스원 (3월 부터 출근 가능),17.02.17,61,
2017년도 한국인터넷진흥원 채용형 청년인턴 채용 공고 (지원서 접수: 2.15(수)~3.2(목) 14:00까지),17.02.16,52,
[학교추천] IBK투자증권 우수 인재 추천 (2017.2.20(월)정오),17.02.15,52,
[아르바이트 3개월] 정보통신기술진흥센터(IITP) 정부 R&D과제 평가 지원 (2.9(목)까지 학과로),17.02.07,53,
[학교추천] (주)충남도시가스 우수 인재 추천 (2.7(화) 오전11:00까지 엄수),17.02.06,64,
[취업추천] 국방부 우수인재 추천(1.25(수) 오전 11시 까지),17.01.24,88,
[학과추천] 에이치투오시스템 테크놀로지 신규 채용,17.01.09,115,
[학과추천] 2017년 국가직 지역인재 7급 수습공무원 추천대상자 추천 (서류제출기한 1.9(월)18시 엄수),17.01.05,96,
[채용] 2017 상반기 SK하이닉스 신입사원 채용 (접수기간: ~2017.1.11(수)까지),17.01.03,108,
[학과추천 채용] (주)웨이버스 신규채용 (학과로 문의 및 신청),17.01.03,88,
[SW중심대학] IT분야 취업을 위한 이력서 작성법 특강 (강연일: 2017.1.19.(목)  신청기한: 선착순),16.12.28,42,
[채용] (주)님버스 인력 채용,16.12.27,86,
[채용] 고영테크놀러지 2017년 상반기 공개채용 (~2017.1.15.까지),16.12.23,88,
[채용] (주)케이시크 2017년 정규직 개발자 모집 (기한: 채용 시까지),16.12.23,79,
[채용] (주)파미 직원채용 (지원서 제출 상시 학과사무실로),16.12.22,108,
[기업탐방] 인재개발원-중견기업 취업 및 탐방 프로젝트 신청하세요 (선착순),16.12.13,45,
[아르바이트] 교내 공용프린터 관리학생 (월 50만원) (12.15(목)까지)-종료,16.12.13,34,
[채용] (주)농협정보시스템 2017년도 신입직원 모집(12.8(목)~12.18(일) 10:00까지),16.12.09,73,
[교내 취업박람회] 지역 강소기업 취업박람회 참여 안내(2016.12.12(월) 15시~18시),16.12.09,35,
[학부생 연구연수생] ETRI(한국전자통신연구원) 겨울방학 중 연구연수생 모집(내일12.9(금)까지),16.12.08,48,
[채용] (주)케이사인 2017 상반기 신입사원 공개채용 (~12.5(월)까지),16.12.02,63,
[해외인턴  해외취업 설명회] 공과대학 주최-HOSKO 해외 인턴  해외 취업 설명회 개최(12.5(월) 14시부터),16.12.01,45,
[채용] 에네스지 채용 공고 (접수기간: ~12.10(토)까지),16.12.01,85,
[채용추천] (주)모비젠 서울 본사 근무 또는 대전 연구소 프로젝트 근무희망자 (12.1(목)까지),16.11.28,118,
[급!알바생] 컴퓨터 납품 지원 학생 (2016.11.30(수) 11:00~16:00),16.11.28,78,
[채용] 한국화학연구원 부설 안전성평가연구소 정보전산팀 채용 (~2016.12.1(목) 16시까지),16.11.21,77,
[인턴채용] KB국민은행 2017년 동계인턴 채용 공고 (~2016.11.29까지),16.11.21,67,
[2주 단기 알바] 영상처리 툴을 이용해서 위성영상처리 보조하는 단순 작업 (11.21(월)~2주간 작업),16.11.18,59,
[취업교육] (주)한국아이티기술의 SW전문인력양성 채용예정자 연수사업 (11월 중 신청),16.11.12,58,
[채용] 인재개발원 추천-한라홀딩스 (제출기한: 11.13(일)까지),16.11.11,32,
[인턴사원모집] 현대엠엔소프트 2017 상방기 채용연계형 인턴사원 모집 (~2016.11.18(금)까지),16.11.09,78,
[취업캠프] 스마일게이트 2017 서버개발캠프 모집 (~2016.11.22(화)),16.11.09,64,
[취업교육] 비트캠프 교육과정,16.11.09,28,
2016 정보보호 인력채용 박람회(2차) (11.14(월) 코엑스) 개별참가 부탁드립니다,16.11.09,90,
[(주)한컴시큐어 추천 안내]: 접수 종료 : 11. 20(일)까지,16.11.09,65,
[인재추천] 다이소아성산업 우수 인재 추천(2016.11.10(목)정오까지 학과),16.11.07,38,
[취업연계] 2016년도 동기 국가근로장학 취업연계 중점대학 사업,16.11.07,42,
[채용] 농협은행 IT직군 1차전형 합격자는 학과 사무실로 꼭 연락 바람.,16.11.07,83,
[인재개발원] 선배를 잡(JOB)아라 시즌9 (일시: 2016.11.5(토) 참가신청:11.3(목)까지),16.11.02,17,
[설명회][인재개발원] 2016년 능력중심채용 설명회 참석 안내 (2016.11.3(목) 14:00~16:00),16.11.02,9,
[채용전제형 인턴] 한화/방산 동계 인턴사원 모집 (~2016.11.20(일) 15시까지),16.10.31,61,
[채용] 필아이티(주) 우수학생 전문연구요원 추천,16.10.31,48,
[취업박람회] 2016 정보보호 인력채용 박람회(2차) (11.14(월) 코엑스  사전등옥 11.11(금)까지),16.10.31,17,
[인턴사원] 대신정보통신주식회사 인턴사원 채용 추천 (2016.11.15(화)18시 까지 제출),16.10.29,77,
[취업지원] 인재개발원-취업준비생 면접지원을 위한「상상옷장」안내,16.10.26,27,
[채용설명회] 인재개발원-한국철도시설공단 채용콘서트 안내 (2016.10.28(금) 14:00~15:30),16.10.21,21,
[채용] 2016 게임빌-컴투스 신입NGDC 채용 (2016.10.31(월)까지),16.10.21,41,
[채용][학교추천] 한온시스템 IT 정규직 (접수기한: 2016.10.23(일)까지),16.10.20,70,
[채용] 농협은행 IT직군 채용 공지 (접수:10.17.~10.24(월)),16.10.18,127,
[채용] 현대카드 .캐피탈-2016 DATA SCIENCE 직군 신입인재 모집 (10.10(월)~10.19수)오전10시),16.10.17,37,
[채용] 이스트소프트-제품기획  광고  개발 인재 모집(~190.24(월) 자정까지),16.10.17,32,
[채용] [네이버] 2016 하반기 SW개발 신입사원 채용 (10월14일~10월31일),16.10.17,90,
[채용] 한국고용정보원 직원채용 (10.14.~10.28(금) 18:00),16.10.17,39,
[채용] Riot Games 신입공채 (10.14(금)~10.30(일)),16.10.14,59,
[인턴] 2016년도 제2차 대졸수준 인턴사원 및 장애인 전형 선발 모집 (~10.19(수) 15시까지),16.10.11,45,
[인턴사원] 코웨이 2016년 하반기 채용전제형 인턴사원 모집(접수:2016.10.10-10.25),16.10.11,28,
[채용] (주)엠프론티어 2016년 신입 채용 공고 (2016.10.17.~10.31.까지),16.10.06,127,
[인재개발원] 캠퍼스 리쿠르팅 2016.10.6.(목) 동원그룹,16.10.06,22,
[채용] 동원그룹-2016 신입사원 모집 및 캠퍼스 리쿠르팅 일정 안내 (10.4.~10.14(금)),16.10.06,21,
[채용] ㈜파수닷컴 2016 신입 공채 안내 (10.4.~10.16.까지),16.10.04,39,
[채용] 현대카드/캐피탈 2016 DATA SCIENCE 직군 신입인재 모집,16.10.04,40,
정부 주관 2016 잡페어(JOB FAIR) 홍보 (2016.10.6(목) 10:00~17:00),16.10.04,17,
[채용] 지란지교 패밀리 신입직원 채용 (9.26.~10.9),16.09.28,86,
[채용 및 전문연구요원] 2016 하반기 엔씨소프트 신입사원 및 전문연구요원 모집(10.4 10:00~10.14 17:00),16.09.28,41,
[캠퍼스 리쿠르팅 및 채용] 원익그룹 2016 대졸 신입공채 캠퍼스리쿠르팅 및 사원 모집요강(지원: 10.1~10.16),16.09.28,25,
!!![우리학과 방문 채용설명회] (주)엠프론티어 기업 설명회 및 채용설명회 (10.6(목)13:00~14:00),16.09.27,66,
[채용설명회 및 채용] 한화에너지,16.09.27,25,
[대학추천] 부산은행 7급 신입행원 추천 (9.26(월) 정오까지),16.09.23,40,
[추천] PCN 웹기획 인재 추천-한국디지털기업협회 (추천희망시: 9.25(일)까지 학과로 메일 제출),16.09.23,22,
!!![인재개발원] 9월 27일 채용설명회 및 채용면담회 (경보제약),16.09.23,13,
!!![인재개발원] 9월 26일 채용설명회 및 채용면담회 (한화S&C),16.09.23,22,
!!![인재개발원] 9월 22일 채용설명회 및 채용면담회 (한국수력원자력  현대백화점  한국NSK),16.09.21,10,
[우리학교 인재개발원] 취업역량강화를 위한 면접캠프 안내,16.09.21,17,
[학교추천] SK E&S 계열 인재 추천 (지원자격 변경) (2016.9.20(화) 17시 까지 엄수),16.09.19,54,
!!![인재개발원] 9월 21일 채용설명회 및 채용면담회 (한화케미컬  하나투어  동부화재),16.09.19,12,
[채용] NHN엔터테인먼트 2016 하반기 기술부문 신입사원 공재 채용(~9월30일까지),16.09.13,37,
[채용] 수자원공사 1년 계약직+추가계약 가능 (9.10(토)까지 서류접수),16.09.09,36,
[채용] [웹젠] 2016 하반기 신입사원 공채 (~10.5(수)까지),16.09.09,22,
[채용] [이스트소프트] 2016 하반기 보안사업분야 공개채용 (9.26(월) 밤11:59까지),16.09.09,22,
[채용] [줌인터넷] 2016 하반기 신입공채 모집 (~9.26(월)까지),16.09.09,20,
[채용] [현대오트론] 2016년 하반기 대졸신입/인턴 공개모집 (~9.18(일)까지),16.09.09,22,
[채용설명회 및 강연회] 골프존유원그룹 2016.9.21(수) 18:30~,16.09.09,26,
[미래창조과학부+한국생산성본부] 여성 취업 프로그램 안내,16.09.08,8,
[인재개발원] 채용설명회 및 채용면담 2016.9.8(목) 일정 안내,16.09.08,16,
[인재개발원] 채용설명회 및 채용면담 2016.9.9(금) 일정 안내,16.09.08,14,
[2016년 SK브로드밴드 열린채용 추천 (학과제출: 9.20(목) 17시까지 엄수),16.09.07,47,
대덕마이스터고 방과후학교 프로그램위탁운영바 공무(개인위탁) (~9.8(목)까지),16.09.06,25,
[취업박람회] 2016 대한민국 취업박람회 (9.23(금) 10:00~17:00 국회잔디마당),16.09.06,11,
!!! [우리학과] 채용 설명회 (SK C&C 9.19(월) 10:00~ 공학5호관 4층),16.09.06,63,
!!! [인재개발원] 9월 채용 설명회 및 채용 면담 일정,16.09.06,39,
[인턴] 한전KPS㈜ 2016년 체험형 인턴 모집 (~9.5(월) 18:00까지),16.09.02,32,
[채용] 2016년 하반기 정규직 연구분야  경영분야 공개채용 (~9.19(월) 13:00까지),16.09.02,27,
[채용] 한국IBM 테크니컬솔루션 IT 인턴쉽 12기 채용(~9/8),16.09.02,28,
[채용] 2016년 하반기 KB국민은행 신입행원(L1) 채용공고 (~9.12(월) 18:00까지),16.09.02,27,
[채용] SK 2016 하반기 신입사원 모집 캠퍼스 리쿠르팅 (~9.23(금)자정까지),16.09.02,30,
[채용] 이스트소프트 2016 개발 디자인 기획(신입.경력) 인재 채용 (~9.5(월) 오후11:50까지),16.09.02,12,
[채용] LG CNS IT Leadership Academy(신입채용) (~9.19(일)까지),16.09.02,16,
[캠퍼스 리쿠르팅] 코오롱 그룹 (2016.9.8. 인재개발원 3층),16.09.02,12,
[채용] 2016하반기 스마일게이트  대우건설  한화기계  동부그룹 모집,16.09.02,7,
[채용] 한국항공우주연구원 2016년 하반기 정규직 공채 채용공고(전산직) (~9.18(일)까지),16.09.02,14,
[채용] 한국항공우주연구원 - 2016년도 하반기 한국항공우주연구원 정규직원 채용(~9/18),16.09.02,11,
[채용] 2016년 하반기 동부그룹 대졸신입사원 모집(~10/10),16.09.02,5,
[공대추천] 전북은행 7급 일반행원 추천 (9.8(목) 16시까지 시간엄수),16.09.02,20,
[캠퍼스 리크루팅] 한화큐셀 2016년 하반기 신입사원 모집 채용 상담회 (2016.9.9(금) 10:00~17:00 인재개발원2층),16.08.25,25,
[채용] 연합뉴스 "데이터 분석 부문" 신입 또는 경력직원 (접수기간" 8.23(화)~9.5(월) 17시),16.08.25,29,
[위촉연구원] 한국철도공사 위촉연구원 공개 모집 (접수마감: 오늘 8.22(월)18시),16.08.22,28,
[채용] 주택도시보증공사 (~8.15(월)까지),16.08.11,20,
[채용] 한국공항공사 (8.22(월)까지),16.08.11,48,
[채용] 한국토요타자동차㈜ 신입사원 모집 (서류접수마감: 8.28(일)),16.08.11,30,
[채용] LG산전 실무자 엔지니어 채용 공고 (2016.8.26 까지),16.08.10,33,
[채용] 2016년 다우기술 신입사원 모집 (8.3(수)~8.12(금)),16.08.08,27,
[연수생모집] 청년취업아카데미 정부3.0기반의 JAVA 개발자 양성 과정 연수생 모집 안내,16.08.03,25,
[정규직 전환형 인턴] 안랩 2016년 하반기 정규직 전환형 인턴 모집 (2016.8.15(월)까지),16.08.03,40,
[학과추천] 삼성SDS 알고리즘 코딩 분야 우수인재 추천,16.08.01,66,
KT&G 인재개발원 2016년 상상 취업캠프 참여 안내(2016.8.18(목)~8.19(금)  1박2일),16.07.25,28,
[취업연계형 인턴십] (주)파르미  연구단지 소재  MFC가능자,16.07.21,43,
2016년 하반기 안랩 QA 연수생 모집 (~7/25 월요일 09:00),16.07.15,69,
[공대 추천] 한국전력공사 채용형인턴 추천공채(사무) 지원자 추천(7.12(화) 정오까지 시간 엄수),16.07.11,65,
2016 정보보호 인력채용 박람회 (일시: 2016.7.13(수)),16.07.07,24,
2016-17 ‘ASML 캠퍼스 프로모터' 모집(~ 7월 17일),16.07.07,27,
[인턴연구원모집] 한국한의학연구원 2016년 상반기 4차 인턴연구원 채용(7.15(금) 18시까지),16.07.04,38,
[채용안내] 2016년 제3차 신규직원(계약직) 채용 공고(6/29~7/5),16.07.04,37,
[추천 채용] (주)네패스 신입사원 모집 교내 추천 (~6.30(목) 18:00 엄수),16.06.24,32,
[설명회] 2016 공학교육인증 우대 기업 채용 및 기업설명회 안내 (6.28(화)10:00~17:00 건국대),16.06.17,18,
[채용] 고영테크놀러지 2016 연구인력 공채 (6.16(목)~6.30(목)까지),16.06.16,16,
[채용] 인천국제공항공사 신입직원 일반직 채용 (접수기간: 6.16(목)~6.24(금) 15:00),16.06.15,42,
[채용] 취업지원과공지-구버넷,16.06.15,25,
2016년도 경찰청 일반직공무원 채용 시험 공고 (원서접수: ~6.20(월)까지),16.06.10,43,
2016년 제2회 대전 IP채용연계캠프 개최 (6.30(목)~7.1(금)),16.06.08,26,
[추천 채용] 한국수력원자력 체험형 인턴사원 선발 모집 (~6.7(화)까지),16.06.03,50,
[채용] Silicon Works 신입/경력사원 모집 (6.3(금)~6.12(일)23:00),16.06.03,39,
[채용] [신한카드] 2017 대졸 신입사원 채용형 Internship program ( ~ 6/7 (화) 18시 까지 접수),16.05.30,35,
[인턴모집] 현대엠엔소프트 2016년 하반기 채용연계형 인턴사원 모집 (접수기한: 6.13(월) 15시까지),16.05.30,33,
[채용] 케이맥(주) FPD 장비제어 S/W 개발자 모집 (2016.6.6(월) 24시까지),16.05.30,10,
[인턴모집] 네시삼십삼분 인턴 채용 (6.15(수) 오전11시까지 점수),16.05.30,44,
[채용] LS산전 2016 GBT(Global Business Talent) 채용연계형 하계인턴 모집 [ ~ 5/31(화) 17:00],16.05.27,32,
[채용] 채용 전제형 8주 인턴십 채용 (오늘 5.27(금) 마감),16.05.27,43,
[채용] 로봇교사 공고 -도안 레고 러닝 센터,16.05.24,33,
[채용] Top Network Device Company 링네트,16.05.24,21,
[채용] TBOG Inc. 채용 공고,16.05.23,19,
[채용자료] NH농협 2016년 채용설명회 자료,16.05.23,44,
강의자료 필요한 경우,16.05.23,37,
[인턴십] 2016 AhnLab 8 Weeks Matching Internship 모집(~5/29 일요일 자정),16.05.20,46,
[채용] ETRI (한국전자통신연구원) 채용방법 및 일정 안내,16.05.20,48,
[학교추천] 청년무역엘리트양성사업(TRADE ACE 100) 참가 학생 추천,16.05.18,20,
[채용] 한국고용정보원 채용 공고 (~5/24(수)까지),16.05.18,23,
[학과추천] (주)네페스 추천 채용 안내 (학과로 5.23(월) 정오까지),16.05.17,36,
[채용] 한국내쇼날인스트루먼트 수시채용 공고 (2016.5.16(월)~상시),16.05.17,22,
[채용] 국가정보원 2016년 정기공채 (6.1.~6.15),16.05.17,44,
[안턴채용] 컴투스 하계 인턴 채용 (~5.22(일)까지),16.05.17,34,
취업정보 수집을 위한 사이트,16.05.12,215,
[채용] 전자통신연구원(ETRI) 지식정보서비스실 계약직 기능원 채용 (5/24(화)까지),16.05.11,33,
[인턴모집] (주)지란지교소프트 인턴 채용 (5.22(일) 자정까지),16.05.10,75,
[채용] 한림대학교 직원 채용 (~5.11(수) 까지),16.05.09,29,
[채용] 퓨전전자,16.05.04,24,
[채용] TTA(한국정보통신기술협회) 직원 채용 (접수기한: 5.8(일) 17시까지),16.05.03,33,
백마인턴 모집,16.05.02,49,
(주)한국아이티기술 IT전문 인력 채용예정자 연수사업(국가전략산업직종훈련) 과정 안내,16.04.27,26,
[채용] 골프존유원그룹 2016 인턴사원 모집공고 (~5/2월 18시 까지),16.04.27,22,
[채용] 한국화학연구원 채용,16.04.20,48,
[채용] Orbotech Korea,16.04.07,76,
[우리학과 4학년 대상] 선박해양플랜트연구소 학부실습생 모집,16.04.07,29,
[채용] 한국원자력안전기슬원 직원 채용 (2016.4.12(화) 18시까지),16.04.07,43,
[채용] TBOG Inc. 채용 공고 (4.8(금)까지),16.04.04,44,
[취업추천] 아이쓰리시스템,16.04.04,48,
[공과대학 주최-해외인턴사원 채용] 후스코 인턴사원채용 설명회 (3.31(목) 14:00~15:30),16.03.30,41,
[등록 장애인 또는 국가유공자] 「2016년 SK주식회사 C&C 희망인턴십」IT기술부문 맞춤훈련생 추천(~3.30(수)까지),16.03.28,34,
[채용] JW생명과학,16.03.24,35,
[경력직 추천] 충남대학교 취업지원과 요청-(주)미니게이트 (3.27(일)까지),16.03.24,29,
[스타트업]에 관심있고 경험해 보고 싶은 학생들을 구합니다,16.03.24,60,
[채용공고] 스타트업 아이엠랩 채용 공고,16.03.24,33,
[채용] (주)비햅틱스 개발인력 모집,16.03.16,37,
[채용] 한국원자력연구원 신입직원(정규) 채용 안내-컴퓨터 보안 (마감: 3.24(목),16.03.16,46,
취업 연계 교육생 모집,16.03.16,45,
[교육과정] 국가과학기술인력개발원 4월 교육과정,16.03.16,18,
[채용안내] 롯데그룹 2016년 상반기 신입사원 공개채용 및 우리학교 방문 설명회 (3.30(수) 16시 대덕홀),16.03.16,22,
2016년 4월 13일 제 20회 국회의원 선거 출구조사 조사원 모집,16.03.15,33,
[취업추천] 위월드(주) 기술연구소,16.03.15,25,
[채용면담] 취업지원과 채용면담-매쓰홀릭 (2016.3.15. 10:00~17:00),16.03.15,11,
[채용] 현대엔지비 신입사원 채용(전자공학/전기공학/컴퓨터공학) (2016.3.21.월까지),16.03.15,29,
[취업포털 커리어] 2016. 3월 주요핵심기업 공채일정 안내,16.03.11,24,
개발자와 공동창업에 관심있는 학생을 모십니다.,16.03.11,46,
[현대오일뱅크/현대케미칼] 2016 상반기 신입사원 모집 Campus Recruiting (3.24(목) 10:00~),16.03.11,22,
[박람회] 대전.충남권 우수기업 채용박람회 참여 안내 (3.14(월) 대전시청),16.03.11,14,
[채용] 2016 SK 상반기 인턴/신입사원 모집 및 캠퍼스 리크루팅 홍보,16.03.08,69,
[연수학생모집] 한국과학기술정보연구원(KISTI),16.03.07,46,
[인턴모집] (주)지란지교소프트 인턴 채용 (3.4(금)까지),16.02.29,116,
[취업추천] LG유플러스 인재 추천 (2016.03.04(금) 17시까지),16.02.29,78,
[아르바이트] 한국과학기술정보연구원(KISTI) 아르바이트 학생 모집,16.02.04,70,
[취업] (주)씨엔테크 - 빅데이터 서버 개발,16.02.03,43,
[미취업자 교육 프로그램] (주)한국아이티기술 채용예정자 연수사업,16.02.02,28,
[취업포털 커리어] 주요핵심기업 공채일정 안내,16.01.30,30,
[취업추천] (주)진합,16.01.30,22,
[채용] ㈜링네트 신입사원 모집요강 및 소개 (청년취업인턴제),16.01.26,33,
[채용] KAIST 사이버보안연구센터 인력채용 (상시),16.01.18,76,
[연수학생 추천] 정보융합연구실 연수학생 추천,16.01.15,39,
[병역특례] (주)일리시스 (마감일 2016.3.1.),16.01.14,41,
[대덕벤처협회] 채용정보정리 2016.1.11.현재,16.01.13,26,
아이지에스(주) 채용 안내 (~1.18(월)까지),16.01.13,19,
국립중앙과학관 연구개발 계약직 모집,16.01.13,28,
[취업추천] OCI상사 인재 추천 요청,16.01.12,17,
[인재추천] 스태츠칩팩코리아 인재 추천 (2016.1.6(수) 17시 엄수),16.01.04,35,
2016년 국가직 지역인재 7급 공무원 추천 요청 (1.11(월) 정오까지),15.12.31,65,
[인턴사원추천] ㈜현대H&S 인턴사원 추천 요청 (2016.1.4(월) 정오까지),15.12.31,30,
[채용] (주)두시텍 추천 요청(학사) (2015.12.30(수) 16시까지),15.12.28,35,
[채용] SK커뮤니케니션즈 2016년 신입대졸 공채,15.12.15,67,
[취업추천] 2015 AST젯텍 채용공고,15.12.15,57,
[취업추천] IBK시스템 인재 추천 (12.17(목) 17시까지),15.12.15,61,
[채용공고] 주식회사 두레텍 (12.20(일) 18:00까지),15.12.10,38,
[채용] 한화투자증권_2015 사원급 직원 채용공고 (~12/14 15시),15.12.10,50,
[아르바이트] 대한항공 아르바이트 모집 요강 (~12.11(금)까지),15.12.03,93,
[공채] 2016 상반기 넷마블게임즈 QA프리크루 2기 공채 (~12.6(일)까지),15.12.01,48,
[채용연계 인턴십] LG히다찌 (12.10(목)까지 학과사무실로),15.11.24,84,
[NAVER] D2 CAMPUS FEST 2015 (~12.3까지),15.11.23,62,
한전KDN 일반직 채용형 인턴 및 기능직 인턴 채용공고 (~12/07),15.11.23,54,
[인턴] (주)지란지교소프트 인턴 모집 (~11.29(일)까지),15.11.18,86,
[채용연계 인턴십] LG히다찌,15.11.16,63,
[위촉연구원] 한국과학기술정보연구원 위촉공고,15.11.12,38,
[채용] 한국고용정보원 직원채용 공고(11.24(화)18:00까지),15.11.10,47,
[추천] 한화S&C 우수인력 추천 (11.10(화) 정오까지),15.11.09,54,
[채용] 쌍용정보통신 2015년 신입  경력사원 채용 (~11.16(월)까지),15.11.06,31,
[인턴모집] 보쉬코리아 대전 2016년 상반기 인턴 모집 (11.13(금)까지),15.11.06,31,
[채용] 한국광해관리공단 신입(정규직) 및 인턴 모집 (11.9(월)까지),15.11.05,17,
[채용] (주)농협정보시스템 신입직원 채용 (11.15(일)까지),15.11.05,33,
[채용] 한국전기안전공사 2016년 공개채용 (11.20(금)까지),15.11.05,28,
[채용] 한림대학교의료원 직원 공채 (11.11(수)까지),15.11.05,15,
[추천] 경동 전문연구요원 및 신입/경력 하반기 채용 추천(11.6(금) 17시),15.11.05,11,
[추천] (주)세이브존 아이앤씨 신입사원 (11.6(금) 17시까지),15.11.05,18,
[추천] 한국정보인증(주) (11.9(월) 오전11:00까지),15.11.05,23,
[추천] 군산간호대학교 전산 직원 추천 (~11.6(금)18시),15.11.04,28,
[추천] (주)아이콘트롤스 인턴 추천 요청 (오늘11.3(화)오후5시),15.11.03,20,
2016학년도 중등임용시험 대비 교육학 논술 최종 모의고사 강의 신청 안내,15.10.28,9,
[추천] 본아이에프(주) 인재 추천 (10.30(금) 17시),15.10.28,20,
[채용] 한국선급 직원 채용 공고 (~2015.11.1.24:00까지 온라인접수),15.10.26,23,
[채용안내] (주)한국아이티기술 채용공고,15.10.23,26,
[채용안내] 엔키아(NKIA) 신입사원 채용-IT분야(2015 11 4(수)까지),15.10.23,32,
[채용안내] GE코리아 신입 채용 및 사옥 초청설명회 "청춘  GE와 만나다" (10.28.까지),15.10.23,21,
[인턴채용] 한국필립모리스 신입 인턴 공개채용 (~11/20 마감),15.10.23,23,
[취업준비과정] 2015년 대학특성화 사업 「맥킨지式 비즈니스 커뮤니케이션 & NCS 면접대응 기술」,15.10.22,10,
[취업추천] (주)일신테크놀로지 인재 추천(10.23금 정오까지),15.10.22,8,
[박람회] 참관 희망학생 조사-2015 Leading Korea  Job Festival (2015.11.9(월) 서울 코엑스),15.10.16,17,
[취업추천] SK브로드밴드 열린 인재 추천(10.21(수) 정오까지),15.10.16,25,
[박람회] 「청년 20만+ 창조일자리 박람회」(2015.10.14(수)),15.10.13,11,
[채용안내] 한국원자력안전기슬원 (~10.13(화)까지),15.10.07,31,
[인턴사원 채용] 현대오토에버 2015 동계 인턴사원 모집,15.10.07,24,
[박람회] IBK 우수기업 채용박람회 (10.12(월) 10:00~17:00),15.10.07,10,
[채용안내] CEN그룹 신입(인턴)입사지원 안내,15.10.06,19,
[위촉연구원] 한국수력원자력중앙연구원 계전기술연구실 (9.30. 자정까지),15.09.30,21,
[채용안내] 2015 하반기 LS그룹 신입사원 채용 (10.2(금)까지),15.09.30,21,
[취업추천] 전북은행 7급 일반행원 (10.5(월) 10:00까지),15.09.25,26,
[취업추천] [긴급](주)스킨푸드 인재 추천(9.25(금) 16시까지),15.09.23,29,
[수요조사] 취업지원과 대학청년 고: 용센터 찾아가는 취업 컨설팅 신청(9.24목 16시까지),15.09.23,38,
[취업안내] 삼주시스템서비스(유) IT인턴십 10기 채용(10/5까지),15.09.23,23,
[취업안내] (주)한국무역정보통신 신입사원 채용 (10/23까지),15.09.23,23,
[취압안내] 한국알프스(주) 신입사원모집 (9/29까지),15.09.23,16,
[채용안내] 한국NSK 2015 하반기 신입사원 모집 (2015.10.11(월)까지),15.09.21,18,
[채용안내] 한국타이어 Proactive 공개채용(10.8(목)까지),15.09.18,18,
[채용안내] 두산중공업 2015 하반기 신입사원 모집(9.22(화)18시),15.09.17,18,
[취업박람회] IBK기업은행 우수기업 채용박람회 (2015.10.12(월)코엑스),15.09.17,11,
[취업클리닉] 취업지원과 입사지원서류 클리닉(선착순9.18(금)까지),15.09.16,11,
[취업추천] LG엔시스 (9.17(목) 오전10:00),15.09.16,20,
[취업추천] (주)네페스 (9.21(월) 오전10:00),15.09.16,10,
[취업추천] (주)실리콘웍스 (9.21(월) 오전10시),15.09.16,16,
[채용안내] 골프존그룹,15.09.16,13,
[채용안내] 한화탈레스 2015년 하반기 신입사원 채용(9.30까지),15.09.16,17,
[채용안내] NHN 엔터테인먼트 기술부문 채용 (9.16(수)까지),15.09.14,35,
[취업추천] 한국은행 자유전공부문 인재 추천 (9.14(월) 오전10시까지),15.09.11,18,
[채용안내] 농협 (2015.9.21(월) 18:00까지),15.09.11,22,
[인턴모집] 지란지교소프트 (9.20(일) 자정까지),15.09.10,30,
[취업추천] 한국투자저축은행 인재 추천 (9.14(월) 오전10시),15.09.09,13,
[취업추천] (주)호반건설 인재 추천 (9.10(목) 오전10시),15.09.09,9,
[채용설명회] (주)엠로 9/14(월) 11:20~11:50 공5410호,15.09.07,14,
한국화학연구원 부설 안전성평가연구소 정보전산팀 채용공고,15.09.04,17,
삼성전자(주) 취업연계 프로그램  `15년 하반기 「Samsung S/W Track (SST)」 선발 공고,15.09.04,13,
LG 유플러스 추천 채용 안내,15.08.26,48,
㈜메디스,15.08.18,32,
미국 지역 구인광고(인턴 포함),15.07.31,61,
에이블정보통신 채용안내,15.07.21,37,
안전평가연구소 채용공고문,15.07.09,43,
한국고용정보원 채용공고,15.07.06,44,
공주대학교 정보전산원 계약직근로자 신규채용 공고,15.06.26,27,
충남대학교 국가공무원(전산직) 경력경쟁채용시험 공고,15.06.25,60,
2015년도 한국자산관리공사 채용형 청년인턴 채용공고(~6/29),15.06.24,23,
2015년 KOTRA 신입사원 채용(~7/6),15.06.24,37,
[아르바이트] 선박해양플랜트연구소,15.06.18,29,
2015 컴투스 게임사업/플랫폼개발 인턴 채용,15.06.04,35,
이수그룹 인터십 안내(백마인턴십 아님),15.06.02,30,
5월~6월 채용설명회 및 채용면담 일정(첨부문서확인),15.05.28,23,
(주)솔탑 S/W개발자 채용 추천,15.05.20,38,
2015 하계인턴 모집_SW개발부문,15.05.20,53,
아바고테크놀로지스코리아(주),15.05.18,33,
이베이코리아 인턴십,15.05.14,48,
도드람 양돈농협 추천 안내,15.05.13,26,
(주) 가치소프트,15.05.12,36,
지란지교소프트 “더잠들지않는시간” 신입회원 및 인턴사원 모집안내,15.04.27,85,
2015년 ETRI SW-SoC 융합분야 석박사 위촉연구원 신규안내 -진학예정자는 참고,15.04.16,32,
케이헬쓰웨어 채용안내,15.04.16,34,
한국항공우주연구원 직원 채용공고,15.04.07,52,
2015 이공계 전문기술연수사업 연수생 모집,15.04.06,29,
ETRI 부설 국가보안기술연구소 채용,15.04.03,37,
쿠팡,15.04.03,48,
(주)AST젯텍,15.04.02,20,
파낙스시스템 신입/경력 채용공고,15.03.27,27,
[취업]청년인턴모집(한국조폐공사),15.03.24,46,
[아르바이트]소프트웨어 기능 테스트원 모집(6명),15.03.19,42,
(주) 케이티지 인턴십 안내,15.03.02,56,
취업지원과 3월 채용 공고 안내,15.02.27,53,
한국고용정보원,15.02.24,40,
지란지교 SW 멤버십(더잠들지않는시간) 컨퍼런스의 건,15.02.12,58,
해양선박 개발자 채용공고,15.01.27,52,
2014 NAVER 서비스기획 부문,14.12.10,115,
지식재산 취업포털(IPIN) 사이트 오픈,14.12.04,32,
코이카신입직원공고,14.12.03,49,
KOG 인턴 GROW 2기 공개채용 모집,14.12.02,45,
포항공대:가속기연구소 구인 안내,14.11.28,41,
2015년 상반기 유진기업(주) 대졸신입사원 추천 채용,14.11.27,37,
(주) 소프트상추,14.11.21,51,
(주)에이텍,14.11.13,41,
노벨리스크 코리아 인턴사원 모집안내,14.11.10,41,
쎄트렉아이 신입 및 경력직 공채,14.11.06,57,
코나아이 신입 직원 채용,14.11.03,30,
2014년 하반기 샘표식품_모집요강,14.10.31,13,
2014년도 국가보안기술연구소 계약직원 채용,14.10.27,49,
2014네이버 sw개발자_모집요강,14.10.21,76,
남양유업  포스코  현대오일뱅크 탐방,14.10.16,24,
레드햇 챌린지,14.10.16,39,
컴투스?게임빌 2014 하반기 공개채용(신입/경력),14.10.16,37,
디오텍 신입/경력 사원 공채,14.10.15,17,
코리안리재보험 채용공고,14.10.15,13,
2014년 KOG 채용공고,14.10.14,20,
엔씨소프트 2014년 하반기 신입사원 공개 채용,14.10.14,35,
코웨이 채용전제 인턴사원 모집 안내,14.10.14,9,
전북은행 우수인재 추천 안내,14.10.13,15,
* 국방대학교 2015학년 주간 학위과정(대학원) 추천 안내,14.10.08,22,
㈜엔씨소프트 신입사원 공개 채용,14.10.02,26,
[SK그룹_PS&Marketing] 2015년 대졸 신입사원 모집,14.09.29,27,
아르바이트,14.09.26,47,
기아자동차 2014 하반기 대졸 신입사원 모집 안내,14.09.11,37,
에스큐어,14.09.11,32,
LG U+ 2014년 하반기 신입채용-추천 관련,14.09.03,38,
LG U+ 하반기 캠퍼스 캐스팅 공고,14.09.01,27,
2014 주요그룹 지역인재 채용설명회,14.09.01,28,
BGF리테일  코오롱 그룹  만도  고려아연 신입사원 모집안내,14.09.01,20,
LG Display 2014 하반기 대졸 신입사원 공채 모집요강,14.08.29,32,
웨어러블 디바이스 SW-SoC 융합 과세 사업 사무직원 모집 안내,14.08.29,14,
(주)라이브젠 채용 공고,14.08.27,16,
9월 채용설명회 및 채용면담 일정,14.08.27,15,
충남대학교 기간제계약직(통계분석가) 채용 안내,14.08.27,19,
2015 이수그룹 신입사원 공채 21기 모집,14.08.27,16,
LG U+ 하반기 캠퍼스 캐스팅 공고,14.08.25,17,
한국생명공학연구원 계약직 채용공고,14.08.20,22,
2014년 Henkel 제 4 기 학기중 헨켈테크놀러지스코리아 및 헨켈홈케어코리아 인턴 모집,14.08.07,18,
2014 하반기 현대글로비스챌린저 모집공고 (최종),14.08.07,21,
건강포털 코메디닷컴 신입 개발자 (개발&시스템 인프라 운영  정규직) 모집,14.08.07,12,
㈜게스 -------------- 접수 이메일 수정,14.08.04,27,
LTE프로토콜 연구 개발 직원 모집,14.08.01,19,
장플레이스랩 'Zhang(場) [pleis] Lab 사원모집 안내,14.07.28,21,
현대자동차그룹 현대엠시트㈜ 인턴사원 채용공고,14.07.23,25,
(주)한국유나이티드제약 우수 인재 추천,14.07.16,28,
(주)톨레미시스템 채용 안내,14.07.16,16,
동강엠텍(주) 소프트웨어 연구개발 담당자 모집,14.07.02,27,
매그나칩반도체(유) 노무관리 분야 신입사원 채용 안내,14.06.27,11,
아이쓰리시스템(주) 채용 안내,14.06.16,31,
아이티센시스템즈,14.06.13,29,
한국전력공사 대졸수준 채용연계형 인턴 채용 안내,14.06.12,42,
IBK 시스템 신입직원 모집 요강,14.06.03,42,
LIG 손해보험 대졸 인턴사원 모집,14.05.27,29,
KOG 인턴 모집 공고,14.05.27,23,
파인종합건설(주) 추천 채용 안내,14.05.22,9,
기산전자 R&D 인력(신입) 채용 안내,14.05.19,19,
동국제강그룹 DK유엔씨 채용 안내,14.05.19,12,
2014 상반기 SK텔링크 인턴 채용공고문,14.05.19,14,
네이버 콘텐츠 & 서비스 신입 기획자 모집,14.05.19,25,
스마일게이트 인턴공고,14.05.13,28,
2014년도 kt ds 인턴사원 채용(2015년 2월 졸업예정자 또는 기졸업자),14.05.12,35,
2014 NAVER CAREER LOUNGE 안내,14.05.12,24,
[아르바이트] 기계연구원 프로그램 개발,14.04.09,44,
[에트리 청년인턴사업] 3월 7일까지 신청,14.03.07,25,
[KISTI] 위촉연구원 모집,14.01.23,31,
ETRI 창의미래연구소 전산-기술직 정규직 및 계약직 공개채용,13.11.06,46,
[아르바이트] 중학생 과학과목 과외선생님 구합니다,13.06.05,58,
대우정보시스템 인턴십 과정 (4개월교육->2개월 인턴십->대우정보시스템 및 관계사에 정규직 채용),13.05.28,36,
(주)지솔루션 소프트웨어 개발자 채용 공고,13.05.27,29,
[아르바이트 구함] 프로그래머 인력 급구,13.05.21,64,
[아르바이트] 성우정보기술,13.03.18,36,
[WISET] CRP 취업 역량 강화 캠프,13.03.07,21,
(주) 픽소니어,13.01.25,25,
[취업]유미테크,13.01.16,31,
[아르바이트] 기계연구원 프로그램 개발 (충원 완료),12.07.11,52,
알디디테크놀로지 인력 채용 요강,12.07.05,31,
해외 IT인턴쉽 오퍼 안내 (독일  스위스  헝가리),12.07.04,43,
카이스트 서울대 대학원 입시 설명회 안내,12.07.03,42,
취업과 정보처리기사 자격에 대해 한마디,12.07.03,64,
(주)엑셈 여름 인턴쉽 모집 안내,12.06.20,32,
[한국과학기술정보연구원] 웹 개발자 모집,12.06.12,40,
채용안내 - (주)케이사인 (PKI 모듈 커스터마이징 및 유지보수 업무),12.06.01,21,
